Name,Year,Month,DAY1,DAY2,DAY3,DAY4,DAY5,DAY6,DAY7,DAY8,DAY9,DAY10,DAY11,DAY12,DAY13,DAY14,DAY15,DAY16,DAY17,DAY18,DAY19,DAY20,DAY21,DAY22,DAY23,DAY24,DAY25,DAY26,DAY27,DAY28,DAY29,DAY30,DAY31
Accra,1988,01,0.0,0.0,0.0,0.0,0.0,0.0,0.0,0.0,0.0,0.0,0.0,0.0,0.0,0.0,0.0,0.0,0.0,0.0,0.0,0.0,0.0,0.0,0.0,0.0,0.0,0.0,0.0,0.0,0.0,0.0,0.0
Accra,1988,02,0.0,0.0,0.0,0.0,0.0,0.0,0.0,0.0,0.0,3.6,0.0,0.0,0.0,0.0,0.0,0.0,0.0,0.0,0.0,0.0,0.0,5.6,0.0,0.0,0.0,0.0,0.0,0.0,0.0,,
Accra,1988,03,0.0,0.0,0.0,0.0,0.0,0.0,72.3,0.0,0.0,5.8,0.0,1.5,0.0,0.0,0.0,0.0,0.0,0.0,0.0,0.0,0.0,0.0,0.0,0.0,0.0,0.0,0.0,0.0,0.0,0.0,0.0
Accra,1988,04,0.0,0.0,0.0,31.0,0.0,0.0,0.0,0.0,0.0,0.0,0.0,0.0,0.0,0.0,0.3,0.0,0.0,0.0,7.8,0.0,0.5,0.0,6.6,0.0,0.0,0.0,0.0,4.6,0.0,0.0,
Accra,1988,05,0.0,157.9,0.0,0.0,13.5,0.0,0.0,0.0,0.0,0.0,0.0,0.0,0.0,27.0,0.0,0.0,2.8,22.1,0.5,0.0,9.1,0.0,4.6,0.5,0.0,0.0,3.8,0.0,0.0,0.0,0.0
Accra,1988,06,0.0,16.0,0.0,26.2,0.0,0.0,87.9,0.0,0.5,0.0,0.0,0.0,0.0,4.1,0.5,0.0,26.2,0.0,0.0,43.9,0.0,0.0,1.8,0.0,44.5,0.0,0.0,0.0,3.3,0.0,
Accra,1988,07,0.0,0.0,11.4,0.0,0.0,0.0,0.0,0.8,80.1,0.0,0.5,0.3,0.0,0.0,0.0,4.6,0.0,0.0,0.0,0.0,0.0,0.0,0.0,0.0,0.0,0.0,0.0,0.0,0.0,0.0,0.0
Accra,1988,08,0.0,0.0,0.0,0.0,0.0,0.0,0.0,0.0,0.0,0.0,0.0,0.0,0.0,0.0,0.0,0.5,0.0,0.0,0.0,0.0,0.0,3.4,0.0,5.0,2.8,0.3,0.0,0.0,0.0,0.0,0.0
Accra,1988,09,0.0,0.0,0.0,0.0,0.0,2.8,1.8,0.0,0.0,0.0,0.0,0.5,0.0,0.0,0.0,7.4,0.0,0.0,0.0,0.0,0.0,1.8,2.3,0.0,9.2,0.0,0.0,5.6,0.0,0.0,
Accra,1988,10,0.0,0.0,0.0,0.0,0.0,0.0,39.7,10.2,22.7,0.0,0.0,0.0,0.0,0.0,0.0,0.5,0.0,2.8,0.0,22.4,0.0,0.0,0.0,0.0,0.0,11.4,0.0,20.6,0.0,0.0,0.0
Accra,1988,11,0.0,0.0,0.0,0.0,0.0,7.9,0.0,3.6,0.0,35.6,0.0,0.0,0.0,0.0,0.0,1.0,0.0,0.0,0.0,1.3,2.8,1.5,0.0,0.0,0.0,0.0,0.0,0.0,0.0,0.0,
Accra,1988,12,0.0,0.0,0.0,0.0,0.0,0.0,0.0,17.8,0.0,0.0,9.7,0.0,0.0,0.0,0.0,0.0,0.0,0.0,0.0,0.0,0.0,0.0,0.0,0.0,0.0,0.0,0.0,0.0,0.0,0.0,0.0
Accra,1989,01,0.0,0.0,0.0,0.0,0.0,0.0,0.0,0.0,0.0,0.0,0.0,0.0,0.0,0.0,0.0,0.0,0.0,0.0,0.0,0.0,0.0,0.0,0.0,0.0,0.0,0.0,0.0,0.0,0.0,0.0,0.0
Accra,1989,02,0.0,0.0,0.0,0.0,0.0,0.0,0.0,0.0,0.0,0.0,0.0,0.0,0.0,0.0,0.0,0.0,0.0,0.0,0.0,0.0,0.0,0.0,0.0,0.0,0.0,0.0,0.0,4.1,,,
Accra,1989,03,0.0,0.0,0.0,0.0,8.6,0.0,0.0,0.0,0.0,0.0,0.0,6.6,2.0,0.0,3.6,0.0,0.0,18.5,0.0,0.0,0.0,0.0,0.0,0.0,0.0,0.0,0.0,0.0,0.0,0.0,0.0
Accra,1989,04,0.0,0.0,0.0,11.5,0.0,0.0,0.0,0.0,0.0,0.0,0.0,0.0,0.0,0.0,0.0,0.0,0.0,22.1,0.0,59.7,0.0,0.0,0.0,0.0,13.9,0.0,0.0,0.0,0.0,25.7,
Accra,1989,05,0.0,0.0,0.0,0.0,0.4,0.0,20.3,0.0,0.0,19.1,0.0,38.4,5.7,0.0,0.0,0.0,0.0,0.0,0.0,0.0,0.0,0.0,0.0,0.0,0.0,0.0,0.0,0.0,0.0,25.7,0.0
Accra,1989,06,0.0,0.0,15.0,0.0,0.3,25.7,0.0,32.2,0.8,0.0,0.0,0.5,0.0,7.1,0.0,0.0,0.5,0.0,0.8,0.0,10.2,0.0,16.1,0.0,0.0,0.0,0.0,12.6,9.9,17.0,
Accra,1989,07,0.5,0.0,0.0,2.5,0.0,4.1,0.0,0.3,0.0,0.0,0.0,0.0,0.0,0.0,0.0,0.0,62.7,0.0,0.0,0.0,0.8,0.0,0.0,0.9,0.0,0.0,3.1,0.0,0.0,0.0,0.0
Accra,1989,08,0.0,0.0,0.0,0.0,0.0,0.0,0.0,0.0,0.0,0.0,0.0,0.0,0.0,0.0,0.0,0.0,0.3,0.0,0.0,0.3,8.6,0.0,0.0,0.0,0.0,1.3,0.0,0.5,0.0,0.0,0.0
Accra,1989,09,0.0,0.0,0.0,0.0,0.0,0.0,0.3,0.0,9.1,1.6,0.0,0.0,0.0,0.0,0.0,0.0,0.0,25.9,0.0,7.4,0.0,0.0,1.4,0.0,0.0,0.0,0.0,0.0,0.0,0.0,
Accra,1989,10,0.0,19.8,0.0,0.0,0.0,0.3,0.0,0.0,0.5,0.0,0.0,4.1,0.0,2.8,8.6,27.2,0.0,0.0,0.0,0.0,19.6,1.2,2.0,0.0,0.0,0.0,0.0,0.0,0.0,0.0,0.0
Accra,1989,11,0.0,0.0,0.0,0.0,0.0,0.0,1.0,0.0,0.3,0.0,0.0,0.0,0.0,0.0,0.8,0.0,0.0,0.0,0.0,0.0,2.3,0.0,0.0,0.0,0.0,0.0,0.0,0.0,0.0,0.0,
Accra,1989,12,0.0,0.0,0.0,0.0,0.0,0.0,0.0,0.0,0.0,0.0,0.0,0.0,0.0,0.0,0.0,0.0,0.0,0.0,0.0,0.0,0.0,0.0,0.0,0.0,0.0,0.0,0.0,0.0,0.0,0.0,0.0
Accra,1990,01,0.0,0.0,0.0,0.0,0.0,0.0,0.0,0.0,0.0,0.0,0.0,0.0,0.0,0.0,0.0,0.0,0.0,0.0,0.0,0.0,9.6,0.0,0.0,0.0,0.0,0.0,0.0,0.0,0.0,0.0,0.0
Accra,1990,02,0.0,0.0,0.0,0.0,0.0,0.0,0.0,0.0,0.0,0.0,0.0,0.0,0.0,0.0,0.0,0.0,0.0,0.3,4.9,0.0,0.0,0.0,0.8,0.0,0.0,0.0,0.0,0.0,,,
Accra,1990,03,0.0,0.0,0.0,0.0,0.0,0.0,0.0,0.0,0.0,0.0,0.0,0.0,0.0,0.0,0.0,0.0,0.0,0.0,0.0,0.0,0.0,0.0,0.0,0.0,0.0,0.0,0.0,0.0,0.0,0.0,1.5
Accra,1990,04,7.0,0.0,0.0,0.0,0.0,0.0,0.0,0.0,0.0,0.0,0.0,0.0,0.0,0.0,0.0,18.1,0.0,0.0,0.0,0.0,0.0,53.0,1.0,7.1,0.0,0.0,0.0,3.0,0.0,16.0,
Accra,1990,05,0.0,0.0,0.0,9.0,0.0,17.3,0.0,24.4,19.6,0.0,0.0,0.0,0.0,0.0,28.2,0.0,0.0,0.0,0.0,0.0,0.0,0.0,0.0,0.0,0.0,0.0,1.0,0.0,0.0,0.0,0.0
Accra,1990,06,0.0,1.4,0.0,0.0,0.1,0.0,0.0,0.0,0.0,1.3,12.4,0.0,31.8,2.0,0.0,0.0,0.0,0.0,9.2,0.0,0.6,0.0,26.2,31.3,1.4,0.9,8.5,0.7,0.0,0.0,
Accra,1990,07,0.8,0.0,0.0,0.0,0.0,2.6,3.9,19.0,0.0,0.0,0.0,0.0,0.0,0.0,0.0,0.0,1.0,0.0,0.0,11.8,0.5,0.0,0.0,0.0,0.0,0.0,0.0,0.0,0.0,0.0,0.0
Accra,1990,08,0.0,0.0,0.0,0.0,0.0,0.0,0.2,0.0,0.0,0.0,0.0,0.0,0.0,0.0,0.0,0.0,0.0,0.0,0.0,0.0,0.0,0.0,0.0,0.0,0.0,0.0,0.0,0.0,0.0,0.0,0.0
Accra,1990,09,0.0,0.0,0.0,0.0,0.0,0.0,5.0,0.0,0.0,0.0,0.5,0.0,0.0,0.0,0.0,0.0,0.0,0.0,19.1,0.0,0.0,0.0,0.0,0.3,0.0,0.0,0.0,0.0,0.0,0.0,
Accra,1990,10,0.0,0.0,0.0,0.2,0.0,12.9,4.8,0.0,0.0,1.9,0.2,0.0,3.5,3.3,0.0,0.0,0.6,1.7,0.0,0.0,0.0,0.0,0.0,1.6,0.0,0.0,0.0,0.0,0.0,0.0,0.0
Accra,1990,11,19.4,0.0,0.0,0.0,0.0,0.0,0.0,0.0,0.0,0.4,0.0,0.0,0.0,0.0,0.0,0.1,0.0,0.0,0.0,0.0,0.0,0.0,0.0,0.0,0.7,0.0,17.2,0.0,0.0,0.0,
Accra,1990,12,0.0,0.0,0.0,0.0,4.6,0.0,3.3,0.0,0.0,0.0,0.0,35.5,0.0,0.0,0.0,21.2,0.0,0.0,0.0,0.0,0.0,0.0,20.5,0.0,0.0,0.0,0.0,0.0,0.0,0.0,0.0
Accra,1991,01,0.0,0.0,0.0,0.0,0.0,0.0,0.0,0.0,0.0,0.0,0.0,0.0,0.0,0.0,0.0,0.0,0.0,0.0,0.0,0.0,0.0,0.0,0.0,0.0,0.0,0.0,0.0,13.1,0.0,0.0,0.0
Accra,1991,02,0.0,0.0,0.0,0.0,0.0,0.0,0.0,0.0,0.0,0.0,0.0,0.0,0.0,0.0,0.0,0.0,0.0,0.0,0.0,0.0,0.0,0.0,0.0,0.0,0.0,0.0,5.5,0.0,,,
Accra,1991,03,0.0,0.0,0.0,0.0,0.0,0.0,0.0,0.0,0.0,1.1,0.0,0.0,0.0,0.0,35.1,0.0,0.0,16.0,0.0,0.0,0.0,0.0,0.0,0.0,0.0,0.0,0.0,0.0,0.0,0.0,0.0
Accra,1991,04,0.0,87.8,0.0,0.0,0.0,11.9,0.0,0.0,0.0,8.4,0.0,0.0,0.0,0.0,0.0,0.0,0.0,1.4,0.0,35.9,0.0,0.0,0.0,0.0,0.0,0.0,0.0,8.9,0.0,20.6,
Accra,1991,05,0.0,0.0,0.0,0.0,1.0,0.0,0.0,0.0,0.0,53.0,0.0,0.0,67.1,0.0,0.5,0.0,0.0,4.2,12.0,0.3,0.0,0.2,16.7,36.1,31.0,16.8,0.0,37.5,1.3,0.0,0.0
Accra,1991,06,0.3,26.9,4.1,1.0,5.4,0.0,2.2,0.0,0.0,0.0,1.3,39.8,1.2,0.0,0.6,0.0,0.0,1.8,0.5,3.4,0.0,0.1,0.0,0.0,3.1,3.8,0.0,0.0,21.5,6.5,
Accra,1991,07,8.8,28.2,0.0,2.5,0.0,0.4,12.2,31.2,10.3,0.3,1.5,0.5,2.0,157.2,3.9,0.0,0.0,0.0,0.0,0.0,0.5,0.0,0.0,0.0,0.0,0.0,0.0,0.0,3.6,0.0,0.0
Accra,1991,08,1.3,0.0,0.0,0.0,1.1,0.0,0.0,0.0,0.0,0.5,0.0,0.0,0.0,0.0,0.0,0.0,0.2,3.1,0.6,8.1,4.0,1.8,0.0,0.0,0.0,0.4,0.0,0.0,0.0,0.0,0.0
Accra,1991,09,0.0,0.0,0.0,0.1,2.3,1.2,3.0,0.0,0.0,0.0,0.0,0.0,0.0,0.0,2.4,2.4,0.8,0.0,0.0,0.0,0.0,0.2,0.0,0.0,0.0,0.0,0.0,0.0,0.0,0.0,
Accra,1991,10,0.0,0.0,0.0,0.0,0.0,1.0,9.7,0.0,43.7,0.0,0.0,0.0,0.0,0.0,0.0,0.0,4.3,0.0,0.0,0.0,0.0,0.0,0.0,0.0,0.0,0.0,0.0,5.4,0.0,0.0,0.0
Accra,1991,11,0.0,0.0,0.0,0.0,0.0,0.4,0.2,0.0,0.0,0.0,0.0,0.0,0.0,0.0,0.0,0.0,0.0,0.0,0.0,0.0,0.0,0.0,0.0,0.0,0.0,0.1,0.0,0.0,0.0,0.0,
Accra,1991,12,0.0,0.0,0.0,0.0,0.0,0.0,0.0,0.0,0.0,0.0,0.0,0.0,0.0,0.0,0.0,0.0,0.0,0.0,0.0,0.0,0.0,0.0,0.0,0.0,0.0,0.0,0.0,0.0,0.0,0.0,0.0
Accra,1992,01,0.0,0.0,0.0,0.0,0.0,0.0,0.0,0.0,0.0,0.0,0.0,0.0,0.0,0.0,0.0,0.0,0.0,0.0,0.0,0.0,0.0,0.0,0.0,0.0,0.0,0.0,0.0,0.0,0.0,0.0,0.0
Accra,1992,02,0.0,0.0,0.0,0.0,0.0,0.0,0.0,0.0,0.0,0.0,0.0,0.0,0.0,0.0,0.0,0.0,0.0,0.0,0.0,0.0,0.0,0.0,0.0,0.0,0.0,0.0,0.0,0.0,0.0,,
Accra,1992,03,0.0,0.0,0.0,0.0,0.0,0.0,0.0,0.0,0.0,0.0,0.0,0.0,0.0,2.9,0.0,0.0,26.1,44.4,0.0,0.0,2.6,0.4,0.0,0.0,0.0,16.8,0.0,0.0,0.0,0.0,0.0
Accra,1992,04,0.0,0.0,0.0,0.0,0.0,0.0,0.0,0.0,0.0,0.0,0.0,6.9,0.0,0.0,0.0,55.4,0.0,0.0,0.0,0.0,0.0,0.0,0.0,0.0,0.0,0.0,0.3,1.8,0.0,1.5,
Accra,1992,05,0.5,0.0,0.0,16.5,1.8,0.0,41.1,0.6,2.2,0.0,0.0,0.0,0.0,0.0,0.0,0.0,0.0,0.0,0.0,79.3,4.1,0.0,0.0,0.0,1.3,21.9,0.0,0.0,0.0,0.0,1.8
Accra,1992,06,0.1,0.2,0.0,0.0,0.0,1.3,0.0,6.9,0.0,0.0,0.0,10.2,50.3,0.0,0.3,0.0,12.9,0.0,0.0,0.0,0.0,0.0,0.0,10.8,0.0,0.0,0.0,0.0,0.0,0.0,
Accra,1992,07,0.0,0.0,0.0,7.4,0.0,2.4,0.0,0.0,0.3,0.0,0.0,0.0,17.8,0.0,0.0,0.0,0.1,0.0,13.0,12.7,0.0,0.0,0.0,1.3,0.0,0.0,0.0,0.0,0.0,0.0,0.7
Accra,1992,08,0.0,0.0,0.0,0.0,0.0,0.0,0.0,0.6,0.0,0.0,0.0,0.0,0.0,0.0,0.0,0.0,0.0,0.0,0.0,0.0,3.1,0.0,0.0,0.0,0.0,0.8,0.0,1.0,2.0,1.0,0.0
Accra,1992,09,0.0,0.0,0.0,0.0,0.7,0.0,0.0,0.0,0.0,0.5,0.0,0.0,0.0,0.3,0.0,1.4,0.0,0.0,1.4,0.0,1.0,2.0,0.0,0.0,0.0,0.0,0.0,0.3,0.6,0.0,
Accra,1992,10,0.0,0.0,0.0,0.0,0.0,0.0,0.0,0.0,0.0,1.0,19.9,0.0,0.6,0.0,0.0,4.7,3.1,0.0,0.0,1.5,3.3,0.0,1.0,0.0,0.0,0.0,0.0,0.0,0.0,0.0,0.0
Accra,1992,11,0.0,0.0,1.0,0.0,13.4,8.3,0.0,0.0,0.0,0.4,0.0,0.0,0.0,0.0,0.0,3.0,0.0,0.0,0.0,0.0,0.0,0.0,0.0,0.0,0.0,0.0,0.0,0.0,0.0,0.0,
Accra,1992,12,0.0,0.0,0.0,0.0,0.0,0.0,0.0,0.0,0.0,0.0,0.0,0.0,0.0,0.0,0.0,0.0,0.0,0.0,0.0,0.0,0.0,0.0,0.0,0.0,0.0,0.0,0.0,0.0,0.0,0.0,0.2
Accra,1993,01,0.0,0.0,0.0,20.6,0.0,0.0,0.0,0.0,0.0,0.0,0.0,0.0,0.0,0.0,0.0,0.0,0.0,0.0,0.0,0.0,0.0,0.0,0.0,0.0,0.0,0.0,0.0,0.0,0.0,0.0,0.0
Accra,1993,02,0.0,0.0,0.0,1.7,0.0,0.0,0.0,0.0,0.0,0.0,0.0,0.0,0.0,0.0,2.7,0.0,0.0,0.0,1.4,0.0,0.0,0.0,0.0,0.0,0.0,0.0,0.0,0.0,,,
Accra,1993,03,0.0,0.0,0.0,0.0,0.0,0.0,0.0,0.0,0.0,2.4,0.0,0.0,0.0,0.0,0.0,0.0,0.0,0.0,0.0,0.0,0.0,0.0,0.0,0.0,0.0,1.8,0.0,0.0,1.3,0.0,0.8
Accra,1993,04,0.0,0.0,0.0,0.0,0.0,2.3,0.0,0.0,0.0,0.0,0.0,0.0,0.0,0.0,0.0,3.3,2.8,0.0,51.0,0.0,0.0,0.9,0.0,0.0,0.0,35.9,0.0,0.0,0.0,0.0,
Accra,1993,05,0.0,0.0,1.0,0.0,0.0,0.0,0.3,14.7,0.3,0.0,0.0,0.0,0.0,0.0,14.4,0.0,0.0,0.0,0.0,0.0,0.0,0.0,0.0,0.0,0.0,0.0,0.0,2.5,0.0,0.9,14.9
Accra,1993,06,0.0,0.0,0.0,0.0,2.2,2.5,0.0,0.0,46.7,1.5,0.0,0.0,0.0,0.0,0.0,0.0,0.0,0.0,0.0,0.0,28.5,0.0,0.0,0.0,0.0,0.0,0.0,0.0,0.0,0.0,
Accra,1993,07,0.0,4.1,0.0,0.0,0.0,0.0,0.0,0.0,0.0,0.0,0.0,0.0,0.0,0.0,0.0,0.0,0.0,0.0,0.0,0.0,0.0,0.0,0.0,0.0,0.0,0.0,0.0,0.0,0.0,0.0,0.0
Accra,1993,08,0.0,0.0,0.0,0.0,2.1,0.0,0.0,0.0,0.0,0.0,0.0,0.0,0.0,0.0,14.0,0.2,0.0,0.0,0.0,0.0,0.0,0.0,0.0,0.0,0.0,0.0,0.0,0.0,0.0,0.9,0.0
Accra,1993,09,0.0,0.0,0.0,0.0,0.6,2.0,0.0,0.0,0.0,0.0,0.0,0.0,0.0,0.0,25.2,0.0,0.0,0.0,23.3,2.7,1.9,0.0,0.0,1.1,0.0,4.7,0.0,0.0,0.0,13.5,
Accra,1993,10,0.0,0.0,0.0,0.0,0.0,0.0,0.0,0.0,16.8,0.0,0.0,0.0,0.5,0.0,0.0,0.0,0.0,0.0,0.0,0.0,0.0,0.0,15.3,0.0,0.0,0.0,4.6,0.0,0.0,0.0,0.0
Accra,1993,11,0.0,0.0,0.0,0.0,0.0,0.0,0.0,7.8,0.0,0.0,0.0,0.0,0.0,8.5,0.0,0.0,0.0,22.6,0.0,0.0,0.0,0.0,0.0,0.0,19.1,8.7,0.0,0.0,0.0,0.0,
Accra,1993,12,0.5,0.0,0.0,28.5,13.2,0.0,0.0,0.0,0.0,0.0,0.0,0.0,0.0,0.0,0.0,0.0,0.0,3.1,0.0,0.0,0.0,4.5,0.0,0.0,0.0,0.0,0.0,0.0,0.0,0.0,0.0
Accra,1994,01,0.0,0.0,0.0,0.0,0.0,0.0,0.0,0.0,0.0,0.0,0.0,0.0,0.0,0.0,0.0,0.0,0.0,0.0,0.0,0.0,0.0,0.0,0.0,0.0,0.0,0.0,0.0,0.0,0.0,0.0,0.0
Accra,1994,02,0.0,0.0,0.0,0.0,0.0,0.0,0.0,0.0,0.0,0.0,0.0,0.0,0.0,0.0,0.0,0.0,0.0,7.1,0.0,0.0,0.0,0.0,0.0,0.0,0.0,0.0,0.0,0.0,,,
Accra,1994,03,13.5,0.0,0.0,0.0,0.0,0.0,0.0,0.0,0.0,23.6,0.0,0.0,0.0,0.0,0.0,0.0,0.0,0.0,5.0,0.0,10.6,0.0,0.0,0.0,0.0,0.0,0.0,0.0,0.0,0.0,0.0
Accra,1994,04,0.0,0.0,6.1,0.0,0.0,0.0,0.0,0.0,0.0,0.0,0.0,0.0,0.0,0.0,0.0,0.0,0.0,0.0,0.0,0.0,0.0,0.0,0.0,0.0,0.0,0.0,0.0,0.0,0.0,0.0,
Accra,1994,05,0.0,11.2,0.0,0.0,0.0,0.0,0.0,0.0,10.5,0.0,0.0,0.0,0.0,1.9,0.0,0.0,0.0,0.0,0.0,0.0,38.8,0.2,0.0,9.3,0.0,58.9,4.4,0.0,0.0,0.0,0.0
Accra,1994,06,1.8,0.0,7.2,0.0,63.4,0.0,0.0,1.4,22.3,0.0,0.0,0.0,0.0,0.0,0.0,21.1,2.1,0.0,0.0,0.0,0.0,0.0,0.0,0.0,1.0,0.0,16.0,41.8,0.0,0.0,
Accra,1994,07,0.6,0.3,0.0,0.0,0.0,0.0,0.0,0.0,0.0,0.0,0.0,2.4,0.2,0.0,0.0,0.8,0.0,1.5,3.6,0.1,0.0,0.0,0.0,1.0,0.0,0.0,0.0,0.0,0.0,0.5,0.0
Accra,1994,08,0.4,6.9,1.1,0.4,0.0,0.0,0.0,0.0,0.0,0.0,0.0,0.0,0.0,1.4,0.0,0.0,0.0,0.0,2.8,0.0,0.0,0.9,0.0,0.0,0.0,1.1,1.0,0.0,0.0,0.6,0.0
Accra,1994,09,0.0,4.0,3.4,3.3,1.0,0.1,0.0,0.0,0.0,0.0,0.0,0.0,0.1,0.3,0.0,0.0,0.0,0.0,0.0,0.0,0.0,3.8,7.1,1.0,0.3,0.0,0.0,0.2,0.0,0.0,
Accra,1994,10,0.0,0.1,9.0,5.9,0.0,0.0,0.0,2.0,0.0,0.0,28.2,0.1,14.0,0.0,2.5,5.1,0.0,0.0,0.0,0.0,0.0,0.0,0.0,0.0,0.0,0.7,0.0,21.8,0.6,0.0,0.0
Accra,1994,11,0.0,0.0,0.0,1.5,4.1,0.0,0.0,0.0,0.0,0.0,0.0,0.0,0.0,0.0,0.0,0.0,0.5,0.0,0.0,0.0,0.0,0.0,20.4,0.0,0.0,0.0,0.0,0.0,0.0,0.0,
Accra,1994,12,0.0,0.0,0.0,0.0,0.0,0.0,0.0,0.0,0.0,0.0,0.0,0.0,0.0,0.0,0.0,0.0,0.0,0.0,0.0,0.0,0.0,0.0,0.0,0.0,0.0,0.0,0.0,0.0,0.0,0.0,0.0
Accra,1995,01,0.0,0.0,0.0,0.0,0.0,0.0,0.0,0.0,0.0,0.0,0.0,0.0,0.0,0.0,0.0,0.0,0.0,0.0,0.0,0.0,0.0,0.0,0.0,0.0,0.0,0.0,0.0,0.0,0.0,0.0,0.0
Accra,1995,02,0.0,0.0,0.0,0.0,0.0,0.0,0.0,0.0,25.9,0.0,0.0,0.0,0.0,0.0,0.0,0.0,0.0,0.0,0.0,0.0,0.0,0.0,0.0,0.0,0.0,0.0,1.6,0.0,,,
Accra,1995,03,0.0,0.0,0.0,6.9,0.0,0.0,0.0,26.2,0.0,32.2,1.3,0.0,0.0,47.2,0.0,0.0,14.2,20.5,0.0,3.9,1.3,0.0,0.7,0.0,0.0,0.0,0.0,0.5,0.0,0.0,0.0
Accra,1995,04,0.0,0.8,4.6,0.0,0.0,0.0,0.0,0.0,0.0,0.0,0.0,3.7,0.0,0.0,0.0,10.1,0.0,0.0,0.0,15.5,0.8,0.0,0.8,0.0,0.0,0.0,0.0,36.3,17.2,0.0,
Accra,1995,05,0.0,10.7,0.0,0.0,0.0,0.0,0.0,1.5,0.0,0.0,0.0,0.0,0.0,43.7,0.0,0.0,0.0,0.0,0.0,0.0,0.0,0.0,5.0,6.9,0.0,0.0,0.0,8.4,12.1,0.2,0.0
Accra,1995,06,0.0,0.0,0.0,0.0,3.6,5.0,2.6,25.1,28.0,0.0,29.2,10.8,15.7,0.0,0.0,0.0,0.5,2.3,52.0,8.4,0.0,0.0,0.0,87.2,0.4,0.0,0.0,0.0,0.0,7.5,
Accra,1995,07,1.0,0.0,243.9,4.7,0.0,0.0,0.0,0.0,0.0,0.0,0.0,1.5,0.0,0.0,0.0,0.0,0.1,0.0,0.0,0.5,0.0,0.0,0.0,0.0,13.8,3.3,0.0,0.0,4.8,0.0,0.3
Accra,1995,08,0.0,0.0,0.0,0.5,0.7,1.0,1.3,1.2,0.0,0.0,0.0,0.0,0.0,0.6,1.6,0.0,0.3,0.0,0.0,4.2,0.0,0.0,0.0,0.1,0.0,0.0,0.0,0.0,0.0,0.0,0.0
Accra,1995,09,0.0,0.1,0.0,0.0,0.0,0.0,0.0,0.0,0.0,0.0,0.0,0.0,0.0,0.0,0.0,0.0,0.0,0.0,0.0,0.0,0.0,0.0,0.0,0.0,0.0,2.1,0.0,0.0,0.0,0.0,
Accra,1995,10,0.0,0.0,0.0,0.0,0.0,0.0,0.0,0.0,0.0,0.0,0.0,0.0,0.0,0.0,0.0,0.0,0.0,0.0,0.0,0.0,2.8,0.0,0.0,1.3,0.0,0.0,0.0,0.0,35.1,0.0,0.0
Accra,1995,11,54.3,0.0,0.0,0.0,0.0,0.0,0.0,0.0,0.0,0.0,0.0,0.0,0.0,0.0,0.0,0.0,0.0,8.4,0.0,0.0,0.0,0.0,0.0,0.0,0.0,0.0,0.0,0.0,0.0,0.0,
Accra,1995,12,0.0,0.0,0.0,0.0,0.0,0.0,0.0,0.0,0.0,0.0,0.0,0.0,0.0,0.0,0.0,0.0,0.0,0.0,0.0,0.0,0.0,1.3,0.0,0.0,0.0,0.0,0.0,0.0,0.0,0.0,0.0
Accra,1996,01,0.0,0.0,0.0,0.0,0.0,0.0,0.0,0.0,0.0,0.0,0.0,0.0,0.0,0.0,0.0,0.0,0.0,0.0,0.0,0.0,0.0,0.0,0.0,0.0,0.0,0.0,0.0,0.0,0.0,0.0,0.0
Accra,1996,02,0.0,0.0,0.0,0.0,0.0,0.0,0.0,28.2,0.0,0.0,0.0,0.0,0.0,0.0,22.1,0.0,0.0,0.0,0.0,0.0,0.0,0.0,0.0,0.0,0.0,0.0,0.0,0.0,0.0,,
Accra,1996,03,0.0,0.0,0.8,0.0,0.0,0.0,0.0,0.0,0.0,0.0,0.0,0.0,21.1,0.0,0.0,0.0,0.0,0.0,0.0,0.0,32.8,0.0,0.0,0.0,0.0,0.0,0.0,0.0,4.3,0.0,0.0
Accra,1996,04,0.0,0.0,0.0,0.0,20.1,0.0,0.0,0.0,0.0,1.1,18.3,0.0,0.0,0.0,0.0,37.6,0.0,0.0,8.4,0.0,0.0,0.0,0.0,0.0,0.4,0.0,0.3,0.0,0.0,0.0,
Accra,1996,05,23.9,0.5,0.0,0.0,24.2,0.4,0.0,9.5,0.0,23.2,0.0,0.0,1.6,0.0,48.1,0.5,0.0,0.0,0.0,15.0,5.4,0.0,0.0,30.4,0.0,0.0,50.8,0.0,9.1,0.3,3.2
Accra,1996,06,0.0,0.0,3.8,6.2,3.1,75.3,1.7,0.0,0.0,0.9,0.9,0.0,0.0,0.0,0.0,6.1,0.0,0.0,0.0,0.0,0.0,0.0,6.5,0.0,0.0,19.6,0.0,0.0,0.0,2.2,
Accra,1996,07,3.4,20.1,0.0,0.0,14.5,0.0,0.0,0.0,15.9,0.5,0.0,4.2,0.0,8.2,0.0,0.0,0.8,0.6,0.0,0.0,0.0,0.0,0.0,0.0,0.0,0.0,0.0,0.0,0.0,0.0,0.5
Accra,1996,08,5.1,0.0,3.3,3.8,0.0,0.0,0.0,0.6,0.0,0.0,0.0,0.0,2.1,0.0,0.0,0.0,2.2,1.0,0.0,0.0,0.0,0.0,0.0,11.4,8.0,0.0,0.0,0.6,0.0,0.7,0.0
Accra,1996,09,0.0,0.0,11.9,0.0,0.5,0.0,0.0,0.0,0.0,0.0,0.5,0.7,0.0,0.0,0.5,0.0,0.0,0.0,0.0,0.0,0.0,0.0,0.0,0.0,0.0,0.9,0.0,0.0,0.0,0.0,
Accra,1996,10,0.0,0.0,0.0,0.0,0.0,0.0,0.0,0.0,0.0,0.0,0.0,0.0,0.0,0.0,0.0,0.0,7.0,0.0,0.0,0.0,0.0,0.0,0.0,0.0,0.0,0.0,0.0,0.0,0.0,0.0,0.0
Accra,1996,11,0.0,0.0,0.0,0.0,0.0,0.0,0.0,0.0,0.0,0.0,0.0,0.0,0.0,12.3,0.0,0.0,0.6,0.0,0.0,1.0,0.0,0.0,0.0,0.0,0.0,0.0,0.0,0.0,1.6,0.0,
Accra,1996,12,3.7,0.0,0.0,0.0,0.0,0.0,0.0,0.0,0.0,0.0,0.0,0.0,0.0,0.0,0.0,0.0,0.0,0.0,0.0,0.0,0.0,0.0,0.0,0.0,0.0,0.0,0.0,0.0,0.0,0.0,0.0
Accra,1997,01,0.0,0.0,0.0,0.0,0.0,0.0,0.0,0.0,0.0,0.0,0.0,0.0,0.0,0.0,0.0,0.0,0.0,0.0,0.0,0.0,0.0,0.0,0.0,0.0,0.0,0.0,0.0,0.0,2.8,0.0,0.0
Accra,1997,02,0.0,0.0,0.0,0.0,0.0,0.0,0.0,0.0,0.0,0.0,0.0,0.0,0.0,0.0,0.0,0.0,0.0,0.0,0.0,0.0,0.0,0.0,0.0,0.0,0.0,0.0,0.0,0.0,,,
Accra,1997,03,35.0,0.0,0.0,0.0,0.0,0.0,0.0,0.0,0.0,0.0,0.0,1.1,0.0,0.0,0.0,0.0,26.0,4.3,0.0,0.4,0.0,26.0,3.0,0.0,30.0,9.0,0.0,0.0,0.0,50.4,0.0
Accra,1997,04,0.0,4.8,0.0,0.0,0.0,0.0,0.0,0.0,0.0,0.0,56.4,2.5,0.0,0.0,1.8,0.0,0.0,0.0,7.6,0.0,0.0,63.3,0.0,0.0,0.0,8.9,0.0,124.1,0.0,0.0,
Accra,1997,05,2.6,0.0,7.8,0.0,0.0,0.0,0.0,0.0,0.0,0.0,3.7,0.0,0.0,0.0,0.0,0.0,8.4,14.0,0.0,10.2,0.0,12.6,0.0,0.0,0.3,15.7,38.8,0.0,7.6,0.5,13.5
Accra,1997,06,0.8,2.3,2.9,33.4,1.3,0.0,0.0,0.0,0.9,0.0,38.4,113.7,14.2,81.7,4.8,13.0,8.4,0.0,21.7,0.0,0.0,15.3,0.5,0.0,0.0,0.0,0.0,0.0,0.0,0.0,
Accra,1997,07,15.3,1.1,0.0,0.0,0.0,0.0,0.0,0.0,0.0,0.0,7.3,0.2,0.0,0.0,0.0,0.0,0.0,0.0,0.0,0.0,0.0,0.0,0.2,0.0,0.0,0.3,0.0,0.3,9.6,3.1,0.4
Accra,1997,08,0.6,0.0,0.0,0.0,0.0,0.0,0.0,0.0,0.0,0.0,0.0,0.0,0.0,0.0,0.0,1.6,2.2,0.2,0.0,0.0,0.0,0.0,0.0,0.0,0.0,0.0,0.0,0.0,0.0,0.0,0.0
Accra,1997,09,0.0,0.0,0.0,0.0,0.0,0.0,0.0,0.0,0.0,0.0,0.8,0.0,0.0,0.0,0.0,0.0,0.0,0.0,0.0,0.0,0.0,0.0,0.0,7.8,0.0,0.0,0.9,0.0,0.0,0.0,
Accra,1997,10,0.0,0.0,1.8,8.7,0.0,3.0,0.0,0.0,0.0,0.3,0.0,0.0,6.0,0.0,0.0,0.0,0.0,0.0,0.0,0.0,0.0,23.5,0.0,1.5,0.0,58.6,0.0,1.5,3.8,0.0,3.3
Accra,1997,11,0.2,0.0,0.0,0.0,0.0,0.4,5.0,0.0,0.0,0.0,0.0,0.0,0.0,0.0,0.0,0.0,0.0,0.0,0.0,0.0,0.0,0.0,0.0,0.0,0.0,40.6,2.5,0.0,0.0,0.0,
Accra,1997,12,0.0,0.0,0.0,0.0,0.0,0.0,0.0,22.9,0.0,32.3,0.0,0.0,3.5,0.0,0.0,0.0,0.0,0.0,0.0,0.0,0.0,0.0,0.0,0.0,5.8,0.0,0.0,0.0,0.0,0.0,0.0
Accra,1998,01,0.0,0.0,0.0,0.0,0.0,0.0,0.0,0.0,0.0,0.0,0.0,0.0,0.0,0.0,0.0,0.0,0.0,0.0,0.0,0.0,0.0,0.0,0.0,0.0,0.0,0.0,0.0,0.0,0.0,0.0,0.0
Accra,1998,02,0.0,0.0,0.0,0.0,0.0,0.0,0.0,0.0,0.0,8.7,0.0,0.0,0.0,0.0,0.0,0.0,0.0,0.0,0.0,0.0,0.0,0.0,0.0,0.0,0.0,0.0,0.0,0.0,,,
Accra,1998,03,0.0,0.0,0.0,0.0,0.0,0.0,0.0,0.0,0.0,0.0,0.0,0.0,0.0,0.0,0.0,0.0,0.0,0.0,0.0,0.0,0.0,0.0,0.0,0.0,0.0,1.5,0.0,0.0,0.0,0.0,0.0
Accra,1998,04,0.0,11.3,0.0,0.0,0.0,0.0,0.0,0.0,0.0,0.0,0.0,0.0,0.0,0.0,0.0,0.0,0.0,0.0,0.0,0.0,0.0,0.0,0.0,0.0,0.0,0.0,0.3,0.0,13.6,0.0,
Accra,1998,05,0.0,0.0,0.0,20.9,0.0,0.9,58.5,0.0,0.0,3.9,0.0,0.0,0.0,0.0,0.0,0.0,0.0,0.0,13.5,0.0,0.0,0.0,58.9,0.0,0.0,0.0,21.2,0.7,0.0,0.0,0.0
Accra,1998,06,0.0,0.0,0.8,0.6,0.0,0.0,0.0,0.0,0.0,0.0,0.0,0.0,0.0,4.0,0.0,0.0,0.0,5.6,18.6,0.0,0.0,0.0,0.0,0.0,0.5,0.3,0.0,5.5,0.0,0.0,
Accra,1998,07,0.0,0.0,0.0,0.0,0.0,0.0,0.0,0.0,0.0,0.0,0.0,0.0,0.0,0.0,0.0,0.0,0.0,1.3,0.0,9.9,0.1,0.0,0.0,0.0,0.0,0.0,0.0,0.0,1.0,0.0,0.0
Accra,1998,08,0.5,0.0,0.0,0.0,0.0,0.0,0.0,0.0,0.0,0.0,0.0,0.0,0.0,0.0,0.0,0.0,0.0,0.0,0.0,0.0,0.0,0.0,0.0,0.0,0.0,0.0,0.0,0.0,0.0,0.0,0.0
Accra,1998,09,0.0,0.3,0.0,0.0,0.0,0.0,0.0,0.0,0.0,0.0,0.0,0.0,0.0,0.0,0.0,0.0,0.0,0.0,0.0,0.0,0.0,0.0,0.0,1.4,1.7,9.8,0.2,0.0,0.0,0.0,
Accra,1998,10,0.0,0.0,0.4,0.0,0.0,0.0,5.4,1.1,0.0,0.0,0.0,2.2,0.0,0.0,0.0,0.0,0.0,46.5,1.1,0.0,0.0,0.0,150.7,1.5,0.0,0.0,0.0,0.0,0.0,0.0,0.0
Accra,1998,11,0.0,0.0,0.0,0.0,0.0,0.0,0.0,0.0,0.0,0.0,0.0,0.0,0.0,0.0,0.0,0.0,0.0,0.0,0.0,0.0,0.0,0.0,0.0,0.0,0.0,0.0,0.0,0.0,14.1,0.0,
Accra,1998,12,0.0,0.0,0.0,0.0,0.0,0.0,0.0,0.0,0.0,0.0,0.0,14.6,0.0,0.0,0.0,0.0,0.0,0.0,0.0,0.0,0.0,0.0,0.0,0.0,0.0,0.0,0.0,0.0,0.0,0.0,0.0
Accra,1999,01,11.5,0.0,0.0,0.0,7.6,0.0,0.0,0.0,0.0,0.0,0.0,0.0,0.0,0.0,0.0,0.0,0.0,0.0,0.3,0.0,0.0,0.0,0.0,0.0,0.0,0.0,0.0,0.0,0.0,0.0,0.0
Accra,1999,02,0.0,0.0,0.0,0.0,0.0,0.0,0.0,0.0,0.0,0.0,0.0,0.0,0.0,0.0,4.3,2.6,0.0,0.0,21.3,0.0,0.0,0.0,0.0,0.0,0.0,0.0,10.4,0.0,,,
Accra,1999,03,0.0,0.0,0.0,0.0,0.0,0.0,0.0,2.2,0.0,0.0,2.6,0.0,0.0,0.0,0.0,0.0,0.0,0.0,0.0,0.0,0.0,0.0,0.0,0.0,2.0,0.0,0.0,0.0,0.0,0.0,0.0
Accra,1999,04,4.0,0.0,0.0,0.0,0.0,16.1,0.0,0.0,0.0,0.0,0.0,0.0,0.0,0.0,0.0,0.0,22.7,0.0,0.0,0.6,0.0,0.0,0.0,0.0,0.0,0.0,0.0,3.7,0.0,0.0,
Accra,1999,05,0.0,0.0,0.0,0.0,0.0,0.0,0.0,0.0,40.0,1.2,4.2,0.0,0.0,0.0,0.4,0.0,0.0,0.0,0.0,4.2,0.0,0.0,0.0,0.0,0.0,0.0,0.0,2.8,0.3,0.0,0.0
Accra,1999,06,0.0,48.6,0.8,7.7,0.0,0.0,0.0,0.0,92.8,0.0,7.1,0.3,0.0,0.0,3.6,0.0,84.3,0.0,4.4,3.3,0.0,2.1,40.8,11.0,0.0,0.0,15.4,0.5,0.5,4.1,
Accra,1999,07,22.4,2.7,0.0,0.0,1.2,1.0,1.7,0.0,0.0,0.0,0.3,6.1,22.1,0.0,0.0,0.0,1.3,0.0,0.0,0.0,0.0,0.0,0.2,0.0,0.0,0.0,0.0,1.0,1.6,0.0,0.3
Accra,1999,08,0.0,0.0,0.0,0.0,0.0,0.0,0.0,0.0,0.0,0.0,0.0,0.0,0.0,0.0,0.0,0.0,1.2,0.0,0.9,0.9,0.0,14.1,0.0,0.0,0.0,0.6,1.7,0.0,0.0,0.0,0.0
Accra,1999,09,0.0,0.0,0.0,0.0,0.0,14.3,4.5,0.0,0.0,0.0,0.0,0.0,0.0,0.0,0.0,1.2,7.3,0.0,0.0,0.0,0.0,0.0,0.0,0.0,0.0,2.7,0.6,0.0,0.0,0.0,
Accra,1999,10,0.0,1.0,0.8,0.0,0.0,0.0,0.0,0.0,13.2,1.7,0.0,0.0,0.9,0.0,0.0,0.0,0.0,0.0,0.0,0.5,0.0,0.0,8.7,0.0,0.0,0.0,0.0,0.0,0.0,0.0,0.0
Accra,1999,11,0.0,0.0,0.0,0.0,0.0,0.0,0.0,0.0,0.0,8.4,0.0,0.0,0.0,0.0,0.0,0.0,0.0,0.0,0.0,0.0,0.0,0.0,0.0,0.0,0.0,0.0,0.0,0.0,0.0,0.0,
Accra,1999,12,0.0,0.0,0.0,0.0,0.0,0.0,0.0,0.0,2.4,0.0,0.0,0.0,0.0,0.0,0.0,0.0,0.0,0.0,0.0,0.0,0.0,0.0,0.0,0.0,0.0,0.0,0.0,0.0,0.0,0.0,0.0
Accra,2000,01,0.4,0.0,0.0,0.0,0.0,0.0,0.0,0.0,0.0,0.0,0.0,0.0,0.0,0.0,0.0,0.0,0.0,0.0,0.0,0.0,0.0,0.0,0.0,0.0,0.0,0.3,0.0,0.0,0.0,0.0,0.0
Accra,2000,02,0.0,0.0,0.0,0.0,0.0,0.0,0.0,0.0,0.0,0.0,0.0,0.0,0.0,0.0,0.0,0.0,0.0,0.0,0.0,0.0,0.0,0.0,0.0,0.0,0.0,0.0,0.0,0.0,0.0,,
Accra,2000,03,0.0,0.0,0.0,0.0,0.0,0.0,0.0,0.0,0.0,0.0,0.0,0.0,0.0,0.0,0.0,0.0,9.5,0.0,0.9,0.0,0.0,0.0,0.0,0.0,0.6,48.2,0.0,0.0,0.0,0.0,0.0
Accra,2000,04,2.2,0.0,0.0,2.4,0.0,0.0,0.0,0.0,0.0,1.1,0.0,0.0,0.0,0.0,21.5,0.0,0.0,0.0,0.0,0.0,0.0,0.0,0.0,0.0,0.0,0.0,0.0,1.0,0.0,0.0,
Accra,2000,05,13.0,0.0,0.0,0.0,0.0,0.0,42.5,0.0,3.4,0.0,0.0,0.0,0.0,0.0,0.0,0.0,1.5,13.4,23.1,15.2,0.0,0.0,4.4,0.0,0.0,8.2,0.0,0.0,0.0,0.0,2.4
Accra,2000,06,4.5,0.0,0.0,0.0,57.0,0.2,0.0,0.0,0.0,0.0,0.0,0.0,0.0,0.0,0.0,0.0,0.0,0.0,0.9,3.7,0.4,38.9,0.3,0.0,0.0,0.0,0.0,0.0,0.0,10.5,
Accra,2000,07,0.5,0.0,6.2,0.0,0.0,0.0,0.0,0.0,0.0,0.0,0.0,0.0,0.0,1.0,0.0,0.0,0.0,0.0,0.0,0.0,0.0,0.0,0.0,0.0,0.0,0.0,0.0,0.0,1.8,0.0,10.4
Accra,2000,08,1.6,0.0,0.3,0.7,0.5,6.9,0.2,0.0,0.0,0.0,0.0,0.0,0.0,0.0,0.0,0.0,0.7,0.0,0.0,0.0,0.2,0.0,0.8,0.0,0.0,0.0,0.0,0.0,0.5,0.0,0.0
Accra,2000,09,0.0,0.0,0.7,0.0,0.6,0.0,0.0,0.0,0.0,1.1,0.0,1.8,0.0,0.0,4.0,0.0,0.0,0.0,0.1,0.0,0.0,0.0,0.0,0.0,0.0,0.0,0.3,0.0,0.0,0.0,
Accra,2000,10,0.0,0.0,0.0,0.0,0.0,0.2,0.0,0.0,0.0,0.0,0.0,0.0,0.0,0.0,0.0,0.0,0.0,0.0,0.0,0.0,0.0,0.0,0.0,0.0,0.0,0.0,0.0,36.6,0.0,0.0,0.0
Accra,2000,11,0.0,0.0,0.0,0.0,0.0,0.0,0.0,0.0,0.0,0.0,0.0,0.0,0.0,0.9,0.0,0.0,0.0,25.0,0.0,0.0,0.0,0.0,0.0,0.0,0.0,0.0,0.0,0.0,0.0,0.0,
Accra,2000,12,0.0,0.0,0.0,0.0,0.0,0.0,0.0,0.0,0.0,55.4,0.0,0.0,0.0,0.0,0.0,0.0,0.0,0.0,0.0,0.0,0.0,21.6,0.0,0.0,0.0,0.0,0.0,0.0,0.0,0.0,0.0
Accra,2001,01,0.0,0.0,0.0,0.0,0.0,0.0,0.0,0.0,0.0,0.0,0.0,0.0,0.0,2.6,0.0,0.0,0.0,0.0,0.0,0.0,0.0,0.0,0.0,0.0,0.0,0.0,0.0,0.0,0.0,0.0,0.0
Accra,2001,02,0.0,0.0,0.0,0.0,0.0,0.0,0.0,0.0,0.0,0.0,0.0,0.0,0.0,0.0,0.0,0.0,0.0,0.0,0.0,0.0,0.0,0.0,0.0,0.0,0.0,0.0,0.0,0.0,,,
Accra,2001,03,3.6,0.0,0.0,22.1,5.6,0.0,1.8,13.4,0.0,0.0,0.0,0.0,6.4,0.0,0.0,6.0,13.2,0.0,0.0,0.0,18.1,0.0,0.0,0.0,0.0,0.0,0.0,0.0,0.0,0.0,0.0
Accra,2001,04,0.0,0.0,27.1,0.0,0.0,0.0,0.0,0.0,0.0,0.0,0.0,0.0,0.0,0.0,0.0,16.1,0.0,26.2,0.0,0.0,0.0,0.0,0.0,0.7,,,,,,,
Accra,2001,05,0.0,31.8,31.0,0.0,0.0,0.7,0.0,0.0,6.0,0.0,0.0,0.0,1.0,0.0,20.0,0.5,0.0,0.0,51.0,0.1,0.0,0.0,0.0,43.4,0.0,5.3,3.1,0.4,25.1,2.7,0.0
Accra,2001,06,0.0,0.0,0.0,0.0,39.5,0.0,0.0,0.0,0.3,6.6,0.0,0.0,0.4,1.4,0.0,0.0,0.0,75.3,0.0,0.0,0.0,0.0,0.0,14.8,0.0,27.3,81.1,0.0,0.0,0.0,
Accra,2001,07,0.0,0.0,0.0,2.0,0.4,0.0,0.0,0.0,0.0,0.0,0.0,0.0,0.0,0.0,2.5,0.0,0.0,0.0,0.0,5.2,6.2,0.0,0.0,0.0,0.0,0.0,0.0,0.0,0.0,0.0,0.0
Accra,2001,08,0.0,0.0,0.0,0.0,0.0,0.0,0.0,0.0,0.0,0.0,0.0,0.0,0.0,0.0,0.0,0.0,0.0,0.0,1.3,0.0,0.5,0.0,0.0,0.0,0.0,0.0,0.0,0.0,0.0,0.0,1.8
Accra,2001,09,0.0,0.0,0.0,0.0,0.4,0.0,0.0,40.2,0.0,0.0,14.8,0.4,0.0,0.0,0.0,0.0,0.0,7.7,1.0,0.0,0.7,0.6,0.0,7.9,3.9,0.0,0.0,0.1,0.0,0.0,
Accra,2001,10,7.4,0.0,0.0,0.0,0.0,0.0,0.0,0.0,0.0,0.0,0.0,0.0,0.0,0.0,0.0,0.0,0.0,0.0,0.0,0.0,0.0,1.7,0.0,7.6,3.8,0.0,0.0,0.0,0.0,0.2,0.0
Accra,2001,11,0.0,0.0,0.0,0.2,0.0,0.0,0.0,0.0,12.5,0.0,0.0,0.0,3.5,0.0,0.0,0.0,0.0,0.0,0.0,0.0,0.0,13.6,0.0,0.0,0.0,0.0,0.0,0.0,0.0,0.0,
Accra,2001,12,0.3,21.1,0.0,0.0,0.0,0.0,0.0,0.0,0.0,0.1,0.0,0.0,0.0,0.0,0.0,0.0,0.0,0.0,0.0,0.0,0.0,0.0,0.0,0.0,0.0,0.0,0.0,0.0,0.0,0.0,0.0
Accra,2002,01,0.0,0.0,0.0,0.0,0.0,112.5,0.0,0.0,0.0,0.0,0.0,0.0,0.0,0.0,0.0,0.0,0.0,0.0,0.0,0.0,0.0,0.0,0.0,0.0,0.0,0.0,0.0,0.0,0.0,0.0,0.0
Accra,2002,02,0.0,0.0,0.0,0.0,0.0,0.0,0.0,0.0,0.0,8.0,0.0,0.0,0.0,0.0,0.0,0.0,0.0,0.0,0.0,0.0,0.0,0.0,13.0,2.0,0.0,0.5,0.8,0.0,,,
Accra,2002,03,0.0,0.0,0.0,0.0,0.0,0.0,0.0,0.0,0.0,0.0,35.9,0.0,0.0,0.0,0.8,1.5,0.0,0.0,0.0,0.0,0.0,0.0,0.0,0.0,0.0,0.0,0.0,0.1,0.0,0.0,0.0
Accra,2002,04,0.0,0.0,0.0,0.0,0.0,0.0,30.2,3.0,0.0,0.0,0.0,0.0,0.0,0.0,30.3,15.0,0.0,44.5,0.2,0.0,0.0,0.0,0.0,10.0,0.0,0.0,0.0,0.0,0.0,0.0,
Accra,2002,05,31.4,0.0,0.0,8.1,0.0,28.4,0.0,12.6,0.0,0.0,16.8,0.0,4.1,0.0,0.0,15.3,0.2,0.0,0.0,0.0,1.3,5.8,0.0,0.0,0.0,0.0,0.3,13.4,0.0,0.0,1.0
Accra,2002,06,0.0,0.3,2.1,12.2,6.8,24.5,0.0,0.0,123.3,0.0,0.0,0.0,110.8,19.2,71.8,7.3,0.0,6.1,0.0,0.5,0.0,0.0,0.0,0.0,0.0,23.6,8.0,4.1,0.0,0.0,
Accra,2002,07,0.0,0.0,0.0,0.0,22.3,0.0,0.0,0.0,0.1,0.0,0.0,1.0,0.0,0.0,0.5,0.0,2.3,0.6,0.0,0.0,0.0,0.2,1.0,1.6,0.0,0.0,0.8,0.0,0.0,0.0,1.2
Accra,2002,08,0.4,0.0,0.0,0.0,4.5,0.3,0.0,0.0,0.0,0.0,0.0,0.0,0.0,0.0,0.0,0.0,0.0,0.0,0.0,0.0,1.5,0.0,0.0,0.0,0.0,0.0,0.0,0.0,0.0,0.0,0.0
Accra,2002,09,0.0,0.6,0.0,0.0,0.0,0.0,0.0,0.0,22.0,0.0,0.0,0.0,0.0,0.0,0.0,0.0,0.0,0.0,0.0,0.0,0.0,0.0,0.0,0.0,0.0,0.0,0.0,0.0,0.0,0.0,
Accra,2002,10,0.0,1.1,0.0,0.0,0.0,0.0,0.0,0.6,0.6,0.2,0.0,0.0,0.0,1.5,1.2,0.0,1.1,0.0,1.6,0.0,8.7,0.0,0.0,5.5,0.0,0.0,38.0,0.3,0.0,0.0,0.0
Accra,2002,11,0.0,0.0,0.0,4.8,7.1,0.0,0.0,0.0,0.0,1.5,0.0,0.0,0.0,0.0,0.0,0.0,0.0,0.0,0.0,0.0,0.0,0.0,0.0,0.0,0.0,0.0,0.0,0.0,0.0,0.0,
Accra,2002,12,0.4,0.0,0.0,0.0,0.0,0.0,6.8,0.5,0.0,0.0,0.0,0.0,0.0,0.0,0.0,0.0,0.0,0.0,0.0,0.0,0.0,0.0,0.0,0.0,0.0,0.0,0.0,0.0,0.0,0.0,0.0
Accra,2003,01,0.0,0.0,0.0,0.0,0.0,0.0,0.0,0.0,0.5,0.0,1.4,0.0,0.0,0.0,0.7,0.0,0.0,0.0,0.0,0.0,0.0,0.0,0.0,0.0,0.0,0.0,0.0,0.0,0.0,0.0,0.0
Accra,2003,02,0.0,0.0,0.0,0.0,0.0,0.0,0.0,0.0,0.0,6.0,0.0,0.0,0.0,0.0,0.0,0.0,0.0,0.0,0.0,0.0,3.4,0.0,0.0,0.0,0.0,0.0,0.0,0.0,,,
Accra,2003,03,0.0,0.0,0.0,0.0,0.0,0.0,0.0,0.0,0.0,0.0,0.0,7.0,0.0,0.0,0.0,0.0,0.0,0.0,9.0,0.0,0.0,0.0,0.0,0.0,8.5,0.0,0.0,0.0,0.6,0.0,0.0
Accra,2003,04,18.5,0.4,8.2,0.0,0.0,11.9,0.0,0.0,0.0,0.0,33.5,0.0,0.0,119.8,0.0,0.8,0.0,0.0,0.7,0.0,0.0,0.0,0.0,0.0,0.0,13.5,0.0,0.0,7.7,0.0,
Accra,2003,05,0.0,0.0,0.0,0.0,0.0,0.0,0.0,0.0,0.0,0.0,25.9,0.0,0.0,0.0,0.0,0.0,0.1,0.0,0.0,0.0,0.0,0.0,0.0,0.0,0.0,0.0,6.1,0.0,15.0,22.5,1.6
Accra,2003,06,0.0,0.0,0.0,0.0,24.1,0.2,8.0,0.0,1.6,89.2,1.4,33.9,36.4,2.6,0.0,0.7,85.6,0.0,0.0,0.0,10.0,7.5,0.0,0.0,0.0,0.8,0.0,0.0,0.0,0.0,
Accra,2003,07,0.0,0.0,0.0,0.0,0.0,0.0,0.0,0.0,0.0,0.0,0.0,0.0,0.0,0.0,0.0,34.6,0.0,0.0,1.4,0.0,0.0,0.6,0.0,0.0,0.0,0.0,0.0,0.0,0.2,0.0,0.0
Accra,2003,08,0.0,8.3,0.0,0.0,0.2,0.5,5.1,0.0,0.0,9.3,0.6,0.0,0.0,0.0,0.0,0.0,0.0,0.0,0.0,1.0,0.9,0.0,0.0,0.0,0.0,0.0,0.0,0.0,0.0,0.0,0.0
Accra,2003,09,0.0,0.0,0.0,0.9,1.3,0.0,0.0,0.0,0.0,0.0,0.5,1.1,0.2,0.0,0.0,0.5,0.5,8.3,0.1,0.0,0.0,0.0,0.0,0.0,0.1,0.0,0.0,0.0,0.0,26.3,
Accra,2003,10,0.0,0.0,0.0,0.4,16.0,0.0,0.9,0.0,0.0,0.0,0.0,0.0,0.0,77.0,1.7,0.5,5.3,0.0,0.0,0.0,0.8,0.0,0.0,0.0,0.0,0.0,0.0,0.0,0.0,0.0,0.0
Accra,2003,11,23.1,0.0,0.0,0.0,0.0,0.0,0.0,0.0,13.7,0.0,0.0,0.0,0.0,0.0,0.0,0.0,0.0,0.0,0.0,0.0,0.0,0.0,4.3,0.0,0.0,0.0,0.0,0.0,0.0,0.0,
Accra,2003,12,0.0,0.1,0.0,0.0,0.0,0.0,0.0,0.0,0.0,0.0,0.0,0.0,0.0,0.0,15.4,0.0,0.0,0.0,0.0,0.0,0.0,0.0,0.0,0.0,0.0,0.0,0.0,0.0,0.0,0.0,0.0
Accra,2004,01,0.0,0.0,0.0,0.0,0.0,0.0,0.0,11.8,0.0,0.0,0.0,0.0,0.0,0.0,0.8,0.0,0.0,0.0,0.0,0.0,2.1,0.0,0.0,0.0,0.0,0.0,0.0,0.0,0.0,0.0,0.0
Accra,2004,02,0.0,0.0,0.0,0.0,0.0,0.0,0.0,0.0,0.0,0.0,0.0,0.0,0.0,0.0,17.1,0.0,0.0,0.0,0.0,0.6,0.0,0.0,0.0,0.0,0.0,0.0,0.0,0.0,0.0,,
Accra,2004,03,0.0,0.0,0.0,0.0,0.0,0.0,0.0,0.0,0.0,0.0,0.0,0.0,0.0,0.0,0.0,2.7,0.0,0.0,0.1,2.5,0.0,0.0,0.0,0.0,0.0,0.0,0.0,0.0,0.0,0.0,0.0
Accra,2004,04,0.0,0.0,0.0,0.0,0.0,2.0,0.0,12.4,0.0,0.0,0.0,0.0,3.0,0.0,0.8,0.0,0.0,3.4,0.0,0.0,0.0,0.0,0.0,0.0,0.0,0.0,4.8,0.0,0.0,0.0,
Accra,2004,05,0.0,0.0,0.0,0.0,0.0,0.0,0.0,0.0,0.0,2.4,26.6,7.7,0.0,32.5,0.0,0.0,0.0,0.0,0.0,0.0,0.0,0.0,0.0,0.0,23.7,9.8,0.0,0.0,0.0,0.0,18.8
Accra,2004,06,0.0,0.0,4.6,0.0,0.0,4.2,1.3,1.8,0.0,0.4,0.0,0.3,97.6,0.5,1.1,0.0,0.6,0.0,0.0,0.8,0.0,0.0,0.0,0.0,0.0,0.0,0.0,1.0,0.0,1.9,
Accra,2004,07,0.0,0.0,0.0,0.0,0.0,0.3,0.0,0.0,11.4,21.5,0.0,0.0,0.0,0.0,0.0,0.0,0.0,0.0,0.0,1.3,4.1,0.0,0.0,0.0,0.0,0.0,0.0,0.0,0.0,0.0,0.0
Accra,2004,08,0.0,0.0,0.0,0.0,0.2,0.0,0.0,0.0,1.7,1.0,0.0,0.0,4.8,0.2,0.0,0.0,0.0,0.0,0.0,0.0,0.9,3.4,5.0,0.8,0.1,0.3,0.0,0.0,0.0,0.0,0.0
Accra,2004,09,0.0,0.0,0.0,0.0,0.0,1.7,0.0,13.2,0.0,0.0,5.4,0.3,0.0,4.3,0.0,0.0,0.0,0.0,0.0,0.0,0.0,0.0,0.0,24.0,0.0,0.0,0.0,0.0,5.2,46.1,
Accra,2004,10,0.2,0.0,5.8,5.0,0.0,2.2,0.0,0.0,0.0,0.4,0.3,0.2,0.0,11.9,0.0,25.0,0.0,0.0,0.0,0.0,18.4,0.0,0.0,0.0,16.5,0.0,0.0,0.0,1.6,0.0,0.0
Accra,2004,11,0.0,0.0,0.0,0.0,0.0,0.0,0.0,0.0,0.0,0.0,0.0,0.0,0.0,0.0,0.0,0.0,18.0,0.0,0.0,0.0,0.0,0.0,0.0,0.4,0.0,0.0,0.0,4.2,0.0,0.0,
Accra,2004,12,0.0,0.0,0.0,4.8,0.0,0.0,0.0,0.0,0.0,0.0,0.0,0.0,0.0,0.0,0.0,0.0,0.0,0.0,0.0,0.0,0.0,0.0,0.0,0.0,0.0,0.0,0.0,0.0,0.0,0.0,0.0
Accra,2005,01,0.0,0.0,0.0,0.0,0.0,0.0,0.0,0.0,0.0,0.0,0.0,0.0,0.0,0.0,0.0,0.0,0.0,0.0,0.0,0.0,0.0,0.0,0.0,0.0,0.0,0.0,0.0,0.0,0.0,0.0,0.0
Accra,2005,02,0.0,0.0,0.0,0.0,0.0,4.6,0.0,0.0,0.0,0.0,0.0,0.0,0.0,0.0,0.0,0.0,0.0,0.0,0.2,0.0,0.0,0.0,0.0,0.0,2.4,0.0,0.0,0.0,,,
Accra,2005,03,0.0,0.0,0.0,0.0,0.0,0.0,0.0,6.3,38.4,0.0,0.0,60.1,0.0,11.3,0.0,0.0,0.0,0.2,0.6,0.0,0.4,0.2,8.6,0.2,0.0,0.7,0.0,0.0,0.0,0.0,0.0
Accra,2005,04,0.0,0.0,0.0,0.0,0.0,0.0,0.0,0.0,0.0,0.0,0.0,0.0,0.0,23.8,0.0,0.0,0.0,0.0,0.0,0.0,0.0,0.0,0.4,0.0,0.0,0.0,0.0,0.0,8.1,0.0,
Accra,2005,05,0.0,0.0,0.0,0.0,0.0,3.1,0.2,0.0,0.0,0.0,0.0,0.0,0.0,0.3,0.0,0.0,3.0,38.1,0.0,0.0,0.0,0.0,0.7,0.0,3.6,42.9,0.0,0.1,11.5,5.5,0.0
Accra,2005,06,0.0,4.6,15.5,18.2,1.3,0.0,0.5,3.6,9.2,4.2,23.7,11.0,0.0,0.0,72.0,1.3,0.9,0.8,0.0,0.0,0.0,0.0,0.4,0.0,0.0,0.0,0.0,0.0,0.0,0.0,
Accra,2005,07,0.5,0.3,0.0,0.0,0.0,0.0,0.0,0.0,0.0,0.0,0.0,0.0,1.3,0.0,0.0,0.3,43.7,0.0,0.0,0.4,0.0,0.0,0.0,0.0,0.0,0.0,0.0,0.0,0.0,0.0,0.0
Accra,2005,08,0.0,0.0,0.0,0.0,0.0,0.0,0.0,0.0,0.0,0.0,0.0,0.0,0.0,0.0,0.0,0.0,5.2,0.0,0.0,0.4,0.0,0.0,1.4,0.0,0.0,0.7,0.0,19.8,0.0,0.2,0.0
Accra,2005,09,0.0,0.0,0.0,0.0,1.6,0.4,0.8,0.0,0.0,0.0,0.0,0.0,0.0,0.0,0.0,0.0,0.0,0.0,0.0,1.6,0.0,0.0,12.8,0.6,0.0,1.0,5.9,1.1,0.0,2.2,
Accra,2005,10,0.0,0.0,0.0,0.3,44.4,8.3,2.5,0.2,0.0,0.2,0.0,0.0,0.0,0.0,0.2,0.0,0.0,0.0,6.2,0.0,0.0,0.0,0.0,21.5,7.2,0.0,0.0,0.0,0.0,0.0,0.0
Accra,2005,11,0.6,3.7,57.2,21.4,0.0,0.0,0.0,0.0,0.0,0.0,0.0,0.0,0.0,0.0,0.0,0.0,0.0,0.0,0.0,0.0,0.0,0.0,0.6,0.0,2.0,0.0,0.0,0.0,0.0,0.0,
Accra,2005,12,6.1,0.0,0.0,0.0,0.0,0.0,0.0,33.9,0.0,12.9,0.0,0.0,0.0,0.0,0.0,0.0,0.0,2.0,1.3,0.0,0.0,0.0,0.0,0.0,0.0,0.0,0.0,0.0,0.0,0.0,0.0
Accra,2006,01,0.0,0.0,0.0,0.0,0.0,0.0,0.0,0.0,0.0,0.0,0.0,0.0,0.0,0.0,0.0,0.4,0.0,0.0,0.0,0.0,0.0,0.0,0.0,0.0,8.3,0.0,0.0,0.0,0.0,0.0,0.0
Accra,2006,02,0.0,0.0,0.0,0.0,0.0,0.0,0.0,0.0,0.0,0.0,0.0,0.0,0.0,0.0,0.0,0.0,0.0,0.0,0.0,0.0,0.0,0.0,0.0,0.0,5.9,0.1,0.0,0.0,,,
Accra,2006,03,0.0,0.0,0.0,0.0,0.0,0.0,0.2,0.0,0.0,4.8,0.0,0.0,0.0,0.0,7.2,5.1,0.0,0.0,0.0,0.0,0.0,8.5,0.0,0.0,0.0,0.0,0.0,0.0,0.0,0.0,0.0
Accra,2006,04,0.0,12.1,0.0,15.7,0.0,0.0,0.0,0.0,0.0,0.0,0.0,0.0,0.0,0.0,0.0,0.0,0.0,0.0,0.0,0.0,0.0,0.0,0.0,0.0,9.2,0.0,0.0,0.0,0.0,0.0,
Accra,2006,05,0.0,0.0,0.0,0.0,0.0,0.0,25.9,0.0,0.0,53.2,0.4,0.0,56.7,0.0,11.5,14.0,3.1,0.0,0.2,3.5,0.0,26.4,0.0,0.0,0.4,0.0,0.0,15.2,0.0,26.1,0.0
Accra,2006,06,0.0,0.0,4.0,0.0,0.0,0.0,12.6,0.0,67.3,4.3,0.0,0.0,0.0,4.5,5.9,0.1,4.3,1.5,9.3,0.9,0.0,0.0,0.0,0.0,0.0,0.0,0.0,0.0,3.4,0.0,
Accra,2006,07,0.0,0.0,1.4,0.0,0.6,0.1,0.0,0.0,0.0,0.0,0.0,1.5,0.0,0.0,0.0,0.0,0.0,3.4,0.0,0.0,0.0,0.0,0.1,3.7,0.0,0.0,0.0,0.0,6.9,24.4,0.0
Accra,2006,08,5.8,6.7,0.6,0.0,0.0,0.0,0.0,0.0,0.0,0.0,0.0,0.0,0.0,0.0,0.0,0.0,0.4,0.0,0.9,0.0,0.0,0.0,1.7,0.0,0.0,0.0,0.0,0.0,0.0,0.0,0.0
Accra,2006,09,0.0,0.0,22.4,0.0,0.0,0.0,5.8,3.9,1.4,11.4,0.0,0.0,0.2,0.0,0.4,2.0,0.1,0.0,0.0,0.0,0.8,0.0,0.0,0.0,4.2,0.0,17.5,0.0,1.0,0.0,
Accra,2006,10,2.1,1.6,0.0,0.0,0.9,0.0,0.0,0.0,0.1,17.2,12.4,1.1,0.0,0.0,0.0,0.0,0.0,11.8,22.2,0.0,0.0,5.1,0.0,0.0,0.0,0.0,0.0,0.0,0.0,0.0,1.1
Accra,2006,11,2.2,0.0,0.0,0.0,0.0,0.0,0.0,0.0,0.0,0.0,0.0,3.7,5.3,0.0,0.0,0.0,0.0,0.0,0.0,0.0,0.0,0.0,0.0,0.0,0.0,0.0,0.0,0.0,0.0,0.0,
Accra,2006,12,0.0,0.0,0.0,0.0,0.0,0.0,0.0,0.0,0.0,0.0,0.0,0.0,0.0,0.0,0.0,0.0,0.1,0.0,0.0,0.0,0.0,0.0,0.0,0.0,0.0,0.0,0.0,0.0,0.0,0.0,0.0
Accra,2007,01,0.0,0.0,0.0,0.0,0.0,0.0,0.0,0.0,0.0,0.0,0.0,0.0,0.0,0.0,0.0,0.0,0.0,0.0,0.0,0.0,0.0,0.0,0.0,0.0,0.0,0.0,0.0,0.0,0.0,0.0,0.0
Accra,2007,02,0.0,0.0,0.0,0.0,0.0,0.0,0.0,0.0,0.0,0.0,0.0,0.0,0.0,0.0,0.0,0.0,0.0,0.0,0.0,0.0,17.4,0.0,0.0,0.0,0.0,0.0,0.0,0.0,,,
Accra,2007,03,0.0,0.0,0.0,0.0,0.0,0.0,0.0,0.0,0.0,0.0,0.0,0.0,0.0,1.8,1.5,0.0,0.0,0.0,0.0,0.0,0.0,0.0,0.0,0.0,0.0,59.2,0.0,0.0,0.0,0.0,0.0
Accra,2007,04,55.9,0.0,0.0,9.8,1.2,0.0,17.5,0.0,0.0,0.0,0.0,0.0,0.0,0.0,0.0,0.0,0.0,0.0,0.0,0.0,0.0,0.0,0.0,0.0,0.0,0.0,0.0,0.0,0.0,0.0,
Accra,2007,05,0.0,0.0,0.0,0.0,0.0,0.0,0.0,0.0,0.0,35.2,24.2,0.0,0.5,0.0,0.0,0.0,0.0,0.0,0.0,0.0,32.1,0.0,0.0,0.0,0.0,0.0,4.7,1.8,47.2,0.0,0.0
Accra,2007,06,7.8,39.0,17.6,0.0,0.4,7.1,0.3,0.0,0.0,2.7,0.0,0.0,25.4,1.1,0.0,0.0,0.0,0.0,0.0,28.6,12.6,1.1,0.0,10.2,0.0,0.0,0.0,6.1,6.0,0.0,
Accra,2007,07,0.0,0.0,0.0,44.2,2.5,4.3,16.0,0.0,0.0,0.0,0.0,0.0,0.0,0.0,0.0,5.5,21.9,1.2,0.0,16.0,0.3,0.0,0.0,0.0,0.5,4.4,1.1,0.0,0.0,0.0,0.0
Accra,2007,08,0.0,0.0,0.0,0.0,0.0,0.0,0.0,0.0,1.1,0.0,0.2,0.0,0.0,0.0,0.0,0.0,0.0,0.0,0.0,0.0,4.3,0.0,0.3,0.8,0.0,0.0,0.0,0.0,0.0,6.0,57.4
Accra,2007,09,5.5,1.4,0.0,1.5,5.9,0.0,0.0,0.0,0.0,0.0,3.6,2.3,0.0,0.0,0.0,0.0,0.0,0.2,0.2,68.3,0.0,0.0,0.2,0.0,0.0,0.0,0.0,0.0,0.0,0.0,
Accra,2007,10,0.0,0.0,0.0,0.0,13.7,0.5,3.1,4.2,1.4,0.0,0.0,0.0,18.0,0.0,0.0,0.0,0.0,0.0,0.0,0.0,0.0,0.0,16.3,0.2,0.0,0.0,8.7,0.0,0.0,0.0,0.0
Accra,2007,11,10.2,0.0,0.0,2.7,0.0,0.0,0.0,0.0,2.5,0.0,0.0,0.0,2.1,0.0,9.8,0.0,0.0,0.0,0.0,17.1,0.0,0.0,0.0,0.0,0.0,0.0,0.0,0.0,0.0,0.0,
Accra,2007,12,0.0,0.0,0.0,4.0,0.0,0.0,0.0,0.0,0.0,0.0,0.0,0.0,0.0,0.0,0.0,0.0,0.0,0.0,0.0,0.0,0.0,0.0,0.0,0.0,0.0,0.0,0.0,0.0,0.0,0.0,0.0
Accra,2008,01,0.0,0.0,0.0,0.0,0.0,0.0,0.0,0.0,0.0,0.0,0.0,0.0,0.0,0.0,0.0,2.4,0.0,0.0,0.0,0.0,0.0,0.0,0.0,0.0,0.0,0.0,0.0,0.0,0.0,0.0,0.0
Accra,2008,02,0.0,0.0,0.0,0.0,0.0,0.0,0.0,0.0,0.0,0.0,0.0,0.0,0.0,0.0,0.0,0.0,0.0,0.0,0.0,0.0,0.0,0.0,0.0,0.0,0.0,0.0,0.0,0.0,0.0,,
Accra,2008,03,0.0,0.0,0.0,0.0,0.0,3.0,0.0,0.0,6.3,0.0,0.0,1.1,0.0,0.0,0.0,0.0,0.0,0.0,0.0,0.0,0.0,0.0,0.0,0.0,0.0,0.0,1.5,0.0,0.0,0.0,41.2
Accra,2008,04,0.0,2.9,0.0,0.0,19.9,0.0,12.3,0.0,0.0,16.5,0.0,0.0,0.0,0.0,0.0,0.0,18.1,3.0,0.0,0.0,0.0,33.2,0.0,23.9,0.0,0.0,69.3,0.0,6.5,0.0,
Accra,2008,05,0.0,58.4,0.0,0.0,22.3,32.6,0.0,4.2,0.0,0.0,0.8,0.0,46.6,0.0,0.0,2.0,0.0,151.0,0.1,0.0,9.5,0.0,0.0,14.1,0.0,0.0,10.4,36.4,6.9,0.0,0.0
Accra,2008,06,0.0,0.0,2.9,0.0,0.2,32.5,0.0,0.0,3.9,2.3,0.0,1.0,2.2,0.0,25.3,12.6,8.3,0.0,0.0,0.0,0.0,0.4,17.4,0.0,0.2,0.0,0.0,2.9,0.5,0.0,
Accra,2008,07,3.0,0.0,0.0,0.6,0.0,0.0,0.2,0.0,0.0,0.0,0.0,0.0,0.7,0.5,0.0,0.0,0.0,0.0,0.0,0.0,0.0,43.9,0.0,0.0,0.0,3.2,0.0,0.0,0.0,62.8,16.3
Accra,2008,08,0.0,0.0,0.0,0.0,0.0,0.0,0.0,0.0,0.0,0.0,0.0,0.0,1.3,0.0,0.0,0.4,0.2,0.0,0.0,0.0,0.0,0.0,0.0,0.0,0.4,0.0,0.0,26.7,0.2,0.0,0.0
Accra,2008,09,0.0,0.0,0.0,0.1,0.0,0.0,0.0,0.0,0.0,0.0,0.6,0.9,0.6,0.0,0.0,0.0,13.2,4.4,2.0,1.4,0.0,0.1,1.3,0.0,0.0,0.0,0.0,4.8,0.0,0.0,
Accra,2008,10,0.0,0.0,0.0,0.0,0.0,6.1,6.7,0.0,0.3,0.0,0.6,0.9,0.0,0.0,0.0,2.6,0.0,0.0,0.0,0.0,41.4,0.0,0.0,0.0,0.0,0.0,0.0,0.0,0.0,2.6,0.0
Accra,2008,11,0.0,0.0,31.1,0.0,0.0,0.0,0.0,0.0,0.0,66.8,0.0,0.0,18.6,0.0,0.0,0.0,0.0,1.8,0.0,0.0,0.0,0.0,0.0,0.0,0.0,0.0,0.0,0.0,0.0,0.0,
Accra,2008,12,0.0,0.0,0.0,0.0,123.7,0.0,0.0,0.0,0.0,0.0,0.0,2.7,0.0,0.0,0.0,0.0,0.0,0.0,0.0,0.0,0.0,0.0,0.0,0.0,0.0,0.0,0.0,0.0,0.0,0.0,0.0
Accra,2009,01,0.0,0.0,0.0,0.0,0.0,0.0,0.0,0.0,0.0,0.0,0.0,0.0,0.0,0.0,0.0,0.0,0.0,0.0,0.0,0.0,0.0,0.0,0.0,0.0,0.0,0.0,0.0,0.0,0.0,4.9,0.0
Accra,2009,02,0.0,0.0,0.0,0.0,0.0,0.0,2.2,0.0,0.0,0.0,0.0,0.0,0.0,11.9,0.0,0.0,0.0,0.0,0.0,0.0,0.0,0.0,0.0,0.0,0.9,0.0,0.0,0.0,,,
Accra,2009,03,0.0,38.6,0.0,0.0,0.0,0.0,0.0,37.4,0.0,0.0,0.0,0.0,0.2,0.0,0.0,0.0,0.0,0.0,0.0,0.0,0.0,0.0,0.0,0.0,0.0,0.0,0.0,0.0,0.0,2.4,0.0
Accra,2009,04,0.0,0.0,0.0,0.0,0.0,0.0,0.0,0.0,0.0,0.0,0.0,0.0,18.2,0.0,22.3,0.4,0.0,18.6,0.0,0.0,36.3,0.0,0.0,5.9,0.0,10.1,0.0,0.0,0.0,0.0,
Accra,2009,05,0.1,5.7,0.0,6.2,0.5,0.0,11.6,0.0,22.1,0.0,0.0,0.0,0.0,0.0,0.0,0.0,0.0,0.0,0.4,0.0,0.0,0.0,0.0,0.0,0.7,0.0,0.0,0.0,24.2,1.0,0.0
Accra,2009,06,0.0,2.6,0.4,0.0,0.0,0.0,0.0,0.0,0.0,5.5,22.4,2.2,61.8,0.0,20.5,0.0,0.0,0.0,2.7,1.0,0.0,0.0,20.5,5.9,8.1,0.3,17.9,31.0,0.9,2.0,
Accra,2009,07,0.0,0.0,0.0,0.0,1.7,12.0,70.8,17.0,2.8,1.0,0.0,0.0,0.0,0.0,0.0,0.0,0.0,0.0,0.0,0.0,0.0,0.0,0.0,0.0,0.0,0.0,0.2,0.0,0.0,0.0,0.0
Accra,2009,08,0.0,0.0,0.0,0.0,0.0,0.0,0.0,0.0,0.0,0.0,0.0,0.0,0.0,0.0,0.0,0.0,0.0,0.0,0.0,0.0,0.0,0.0,0.0,0.5,9.8,0.0,0.0,0.0,0.0,0.0,0.0
Accra,2009,09,0.0,0.0,0.0,0.0,0.0,0.0,0.0,0.0,0.0,0.0,0.0,0.0,0.0,0.0,0.0,0.0,0.0,0.0,0.0,0.0,0.0,0.0,0.0,0.0,4.0,0.0,0.0,0.0,0.0,0.0,
Accra,2009,10,0.0,0.0,0.0,0.0,0.0,0.0,0.0,1.0,0.0,0.0,0.0,0.0,0.0,0.3,0.0,0.0,0.0,0.0,0.0,0.0,0.0,0.0,0.0,0.0,1.3,0.0,0.0,0.0,0.0,0.0,0.0
Accra,2009,11,0.0,0.0,0.0,0.0,0.0,0.0,0.0,0.0,0.0,0.0,0.0,0.0,0.0,0.0,0.0,0.0,0.0,0.0,0.0,0.0,0.0,0.0,0.0,0.0,0.0,0.0,0.0,0.0,0.0,0.0,
Accra,2009,12,0.0,0.0,0.0,0.0,0.0,0.0,0.0,0.0,1.3,0.0,0.0,0.0,0.0,0.0,0.0,0.0,0.0,0.0,0.0,0.0,0.0,0.0,0.0,0.0,44.0,0.0,0.0,0.0,0.0,0.0,0.0
Accra,2010,01,0.0,0.0,0.0,0.0,0.0,0.0,0.0,0.0,0.0,0.0,0.0,0.0,0.0,0.0,27.1,0.0,0.0,0.0,0.0,0.0,0.0,0.0,0.0,0.0,0.0,0.0,3.4,0.0,0.0,0.0,0.0
Accra,2010,02,0.0,0.0,0.0,0.0,0.0,0.0,0.0,0.0,0.0,10.7,0.8,0.0,60.3,0.0,0.0,0.0,0.0,0.0,0.0,0.0,0.0,0.0,0.0,3.5,0.0,0.0,0.0,0.0,,,
Accra,2010,03,0.0,0.0,0.0,0.0,0.0,0.0,0.0,0.0,4.8,0.0,0.0,0.0,0.0,0.0,13.8,0.0,0.0,0.0,0.0,14.0,0.0,0.0,0.0,0.0,0.0,0.0,0.0,0.0,0.0,0.0,0.0
Accra,2010,04,0.0,0.0,0.0,0.0,1.0,0.0,4.4,0.0,2.9,0.0,0.0,0.0,0.0,0.0,0.0,0.0,0.0,0.0,0.0,0.0,0.0,0.5,0.0,0.6,0.0,0.0,0.0,7.0,0.0,0.0,
Accra,2010,05,0.0,5.1,0.0,0.0,0.3,0.0,0.0,0.0,0.5,0.0,0.0,0.0,0.0,0.0,0.0,0.0,25.3,0.0,15.5,1.7,0.2,1.1,0.0,0.0,0.0,4.4,34.2,0.0,0.1,1.3,18.8
Accra,2010,06,0.0,0.0,5.7,8.5,0.0,0.0,0.0,4.0,122.0,0.0,7.5,0.0,2.6,3.4,15.3,33.2,1.9,0.0,1.3,24.1,2.0,0.0,20.7,37.7,5.1,0.0,0.0,0.0,0.0,0.0,
Accra,2010,07,81.6,0.0,0.0,0.0,0.0,0.0,0.0,0.0,0.0,0.3,0.0,0.0,0.0,0.0,1.5,1.6,0.0,0.0,0.0,0.0,0.0,0.0,0.0,0.0,0.0,1.4,1.8,0.0,0.0,0.0,0.0
Accra,2010,08,0.0,0.0,0.0,0.0,0.0,0.0,2.8,1.2,0.0,0.0,2.3,0.0,0.0,0.0,0.0,0.0,11.8,0.0,0.0,8.2,0.0,0.0,0.0,0.0,0.0,0.0,0.0,0.0,0.6,0.0,0.0
Accra,2010,09,0.0,0.0,0.0,0.0,12.3,3.4,0.0,0.0,2.1,0.0,0.0,3.1,0.0,0.0,5.1,0.4,2.1,10.8,0.0,3.0,0.0,4.7,2.6,3.5,0.9,0.0,0.0,0.0,0.0,0.0,
Accra,2010,10,0.0,0.0,0.0,1.1,0.8,0.0,0.0,0.6,0.0,16.1,0.0,0.0,0.0,0.2,0.0,0.0,0.0,0.0,46.2,1.2,0.0,0.0,0.0,0.0,0.3,0.0,0.0,0.0,0.0,0.0,13.2
Accra,2010,11,0.0,0.0,0.0,0.0,9.0,0.0,1.2,0.0,0.0,0.4,0.0,0.0,7.2,0.0,0.0,0.0,23.6,0.0,0.0,8.5,7.3,0.0,0.0,0.0,0.0,2.0,0.0,0.0,0.0,0.0,
Accra,2010,12,0.0,0.0,0.0,0.0,28.3,0.0,0.0,0.0,0.0,0.0,0.0,29.4,0.0,0.0,0.0,0.0,0.0,0.0,0.0,0.0,0.0,0.0,0.0,0.0,0.0,0.0,0.0,0.0,0.0,0.0,0.0
Accra,2011,01,0.0,0.0,0.0,0.0,0.0,0.0,0.0,0.0,0.0,0.0,0.0,0.0,0.0,0.0,0.0,0.0,0.0,0.0,0.0,0.0,0.0,0.0,0.0,0.0,0.0,0.0,0.0,0.0,0.0,0.0,0.0
Accra,2011,02,0.0,0.0,0.0,0.0,0.0,0.0,0.0,0.0,0.0,48.5,0.0,0.0,0.0,0.0,0.0,0.0,0.0,0.0,0.0,0.0,0.0,71.4,0.0,0.0,0.0,47.0,0.0,0.0,,,
Accra,2011,03,0.0,0.0,0.0,0.0,0.0,0.0,0.0,0.0,0.0,0.0,0.0,0.0,0.0,0.0,0.0,0.0,0.0,0.0,0.0,0.0,0.0,0.0,0.0,0.0,0.0,0.0,0.0,0.0,0.0,0.0,0.0
Accra,2011,04,0.0,0.0,0.2,0.9,0.0,0.0,0.0,0.0,36.2,0.0,0.0,0.0,0.0,0.0,0.0,0.0,8.7,0.0,0.0,0.0,0.0,0.0,28.8,0.0,0.0,0.0,0.0,59.8,7.1,0.0,
Accra,2011,05,0.0,0.0,15.6,0.0,0.0,0.0,0.0,4.1,0.0,0.1,0.0,0.0,0.0,12.6,0.0,1.6,0.0,44.7,0.0,9.8,0.4,25.0,53.0,0.0,36.1,0.4,0.0,4.7,0.4,18.3,0.0
Accra,2011,06,0.0,2.6,0.4,25.9,0.0,0.0,0.0,32.9,0.3,0.0,13.5,7.0,0.0,0.0,5.8,1.0,0.0,0.0,0.0,0.6,2.8,2.5,5.9,0.7,0.6,12.7,0.0,12.2,0.0,4.3,
Accra,2011,07,1.0,0.0,44.1,0.6,0.0,0.6,7.3,6.1,3.8,27.7,1.0,0.0,0.0,0.0,0.3,0.0,0.1,0.0,0.0,1.8,3.2,0.0,0.0,0.0,0.3,1.2,0.8,0.0,0.0,0.1,0.0
Accra,2011,08,0.0,0.1,1.2,1.6,0.6,0.0,0.0,0.0,0.0,0.0,0.0,3.4,0.0,0.0,6.9,0.2,0.0,0.0,0.0,0.0,0.0,0.0,0.0,0.0,0.5,0.0,1.8,0.0,0.0,0.0,0.0
Accra,2011,09,0.0,0.0,0.0,0.0,0.0,0.0,0.0,2.7,2.0,0.0,0.0,3.9,0.0,0.5,0.0,0.0,0.0,0.5,0.0,5.6,3.9,0.0,0.0,0.0,0.0,7.6,0.0,1.2,0.0,0.3,
Accra,2011,10,0.5,0.0,0.0,0.0,0.0,0.0,0.0,0.0,0.0,0.1,4.3,0.3,0.7,0.0,0.7,0.0,0.0,5.2,0.0,1.1,0.0,0.0,0.0,58.3,97.7,1.3,0.0,0.0,0.0,14.1,0.0
Accra,2011,11,1.8,0.0,0.0,0.0,0.0,0.0,1.8,0.0,1.8,1.8,0.0,0.0,0.0,0.0,0.0,0.0,0.0,0.0,0.0,0.0,0.0,18.0,0.5,0.0,0.0,0.0,0.0,0.0,0.0,0.0,
Accra,2011,12,,0.0,0.0,0.0,0.0,0.0,0.0,0.0,,0.0,0.0,0.0,0.0,0.0,0.0,0.0,0.0,0.0,0.0,0.0,0.0,0.0,0.0,0.0,0.0,0.0,0.0,0.0,0.0,0.0,0.0
Accra,2012,01,0.0,0.0,0.0,0.0,0.0,0.0,0.0,0.0,0.0,0.0,0.0,0.0,0.0,0.0,0.0,0.0,0.0,0.0,0.0,0.0,9.7,0.0,0.0,0.0,0.0,0.0,0.0,7.8,0.0,0.0,0.0
Accra,2012,02,0.0,0.0,0.0,0.0,0.0,0.0,0.0,0.0,0.0,0.0,0.0,0.0,0.0,0.0,0.0,0.0,0.0,21.3,0.0,3.3,2.5,0.0,0.0,0.0,0.0,0.0,0.0,4.0,0.4,,
Accra,2012,03,0.0,0.0,0.0,0.0,0.0,0.0,0.0,0.0,0.0,0.0,0.0,0.0,0.0,0.0,0.0,0.0,0.0,0.0,0.0,0.0,0.0,0.0,0.0,0.0,11.7,0.0,0.0,0.0,0.0,0.0,0.0
Accra,2012,04,0.0,0.0,13.0,0.0,0.0,5.5,0.0,0.0,0.0,0.0,0.0,0.0,0.0,0.0,0.0,17.7,5.1,0.0,6.8,0.0,0.0,0.0,0.0,0.0,21.6,0.0,0.0,0.0,0.0,10.1,
Accra,2012,05,0.0,0.0,34.2,0.0,0.0,0.0,0.0,23.1,0.0,0.0,0.0,0.0,0.0,0.0,0.0,0.0,0.0,0.0,30.0,0.0,18.0,0.0,0.0,1.9,0.4,0.0,0.0,0.0,7.8,3.7,0.0
Accra,2012,06,0.0,26.0,0.0,16.1,0.7,0.3,0.0,0.0,0.0,0.0,27.8,0.0,0.0,0.0,0.0,0.0,4.5,2.9,0.0,0.0,0.0,0.0,0.0,47.9,0.5,5.0,4.1,2.3,0.5,0.6,
Accra,2012,07,0.2,18.0,4.1,0.0,0.0,0.0,0.0,0.0,0.0,0.0,0.0,0.0,0.0,0.0,0.0,0.0,0.0,0.0,5.1,0.0,0.0,0.0,0.0,0.2,0.0,0.0,0.0,0.0,0.0,0.0,0.0
Accra,2012,08,0.0,0.0,0.0,0.0,0.0,0.0,0.0,0.0,0.0,0.0,0.0,0.0,0.0,0.0,0.0,0.0,0.0,6.0,1.9,0.0,0.0,1.1,0.0,0.0,0.0,0.0,1.5,0.0,0.0,0.0,0.0
Accra,2012,09,0.0,0.7,0.8,0.0,0.0,7.0,2.4,0.0,0.0,0.0,0.0,0.0,0.0,0.0,0.0,0.0,0.0,0.0,1.5,0.4,0.0,0.0,0.0,0.0,0.8,3.9,28.1,0.9,10.7,0.6,
Accra,2012,10,0.0,0.0,0.0,0.0,0.0,10.2,0.0,0.0,0.0,0.0,0.0,0.0,0.0,0.0,0.0,0.0,0.0,0.0,24.7,0.0,0.0,0.0,13.8,0.0,3.5,2.5,0.0,0.0,0.0,0.0,0.0
Accra,2012,11,0.0,0.0,0.0,0.0,0.0,0.0,0.0,0.0,0.0,0.0,0.0,3.4,0.0,0.0,0.0,0.0,0.0,0.0,0.0,0.0,0.0,0.0,0.0,0.0,0.0,0.0,0.0,0.0,0.0,0.0,
Accra,2012,12,0.0,5.2,0.0,0.0,0.0,23.0,0.0,0.0,0.0,0.0,0.0,0.0,0.0,0.0,0.0,0.0,0.0,0.0,0.0,0.0,0.0,0.0,0.0,0.0,0.0,13.7,0.0,0.0,0.0,0.0,0.0
Accra,2013,01,0.0,0.0,0.0,0.0,0.0,0.0,0.0,0.0,0.0,0.0,0.0,0.0,0.0,0.0,0.0,0.0,0.0,0.0,0.0,0.0,0.0,5.5,0.0,0.0,0.0,28.5,0.0,0.0,0.0,0.0,0.0
Accra,2013,02,0.0,0.0,0.0,0.0,0.0,0.0,0.0,0.0,0.0,0.0,0.0,0.0,0.0,0.0,0.0,0.0,0.0,0.0,0.0,0.0,0.0,0.0,0.0,0.0,0.0,0.0,0.0,0.0,,,
Accra,2013,03,0.0,0.0,0.0,5.7,0.0,0.0,0.0,0.0,0.0,0.0,0.0,0.0,0.0,0.0,0.0,0.0,0.0,0.0,0.0,0.0,0.0,0.0,0.0,0.0,0.0,0.0,0.0,0.0,0.0,0.0,11.2
Accra,2013,04,5.4,0.0,0.0,0.0,0.0,0.0,0.0,0.0,0.0,0.0,0.0,0.0,0.0,0.0,0.0,0.0,0.0,0.0,0.0,0.0,0.0,0.0,0.0,0.0,0.0,13.2,0.0,0.0,0.0,28.1,
Accra,2013,05,5.0,0.0,0.0,0.0,0.0,0.0,0.0,3.0,0.0,5.2,19.9,0.0,0.0,0.8,0.0,0.0,0.0,3.0,0.0,0.0,0.0,0.5,0.0,0.0,15.7,10.6,0.0,0.0,0.3,4.6,0.0
Accra,2013,06,23.7,6.9,12.1,0.0,26.0,0.0,0.0,4.7,20.7,0.0,0.0,9.7,0.0,1.6,0.0,0.0,11.3,0.3,0.0,3.0,0.3,0.0,0.0,0.0,0.0,0.0,0.0,0.0,0.0,0.0,
Accra,2013,07,0.4,0.0,0.0,2.1,1.3,0.0,0.4,0.0,0.0,0.0,0.0,0.0,0.0,0.0,1.3,0.0,0.0,0.0,0.0,0.0,0.0,0.0,0.0,12.1,0.0,0.0,12.0,0.1,0.0,0.0,0.0
Accra,2013,08,0.0,0.0,0.0,0.0,0.0,0.4,0.0,0.0,0.0,0.0,0.0,0.0,0.0,0.0,0.0,0.0,0.0,0.0,0.0,0.0,0.0,0.0,0.0,0.0,0.0,0.0,0.0,0.0,0.0,0.0,0.0
Accra,2013,09,0.1,0.3,0.0,0.0,10.7,0.0,0.5,6.6,0.0,1.7,2.2,0.0,0.0,0.0,0.9,0.0,0.0,0.0,3.6,0.6,1.9,0.2,33.3,3.4,0.0,0.0,0.3,0.0,0.0,0.0,
Accra,2013,10,0.0,0.0,0.0,0.0,0.0,0.0,0.0,0.0,0.0,0.0,0.0,0.0,0.0,0.0,0.0,0.0,0.0,0.0,0.0,0.0,0.0,0.0,0.0,0.0,0.0,0.0,0.0,0.0,2.0,0.0,0.0
Accra,2013,11,0.0,0.0,0.0,0.0,0.0,0.0,0.0,0.0,0.0,0.0,0.0,0.0,31.7,0.0,0.0,0.0,0.0,0.0,0.0,0.0,0.0,0.0,0.0,0.9,0.0,0.0,0.0,0.0,0.0,4.7,
Accra,2013,12,0.0,0.0,13.4,16.4,0.0,0.0,1.5,0.0,0.0,0.0,0.0,0.0,5.7,0.0,0.0,0.0,0.0,0.0,0.0,0.0,0.0,0.0,0.0,0.0,0.0,0.0,0.0,0.0,6.8,61.0,0.0
Accra,2014,01,0.0,0.0,0.0,0.0,0.0,0.0,0.0,0.0,0.0,0.0,0.0,0.0,0.0,0.0,0.0,0.0,0.0,0.0,0.0,0.0,0.0,0.0,0.0,0.0,0.0,0.0,0.0,0.0,0.0,0.0,16.3
Accra,2014,02,0.0,0.0,0.0,0.0,0.0,0.0,0.0,0.0,0.0,0.0,0.0,0.0,0.0,0.0,0.0,5.4,0.0,0.0,0.0,0.0,0.0,0.0,0.0,51.5,0.0,0.0,0.0,0.0,,,
Accra,2014,03,0.0,0.0,0.0,0.0,0.0,38.8,0.0,0.0,0.0,11.5,0.0,0.0,0.0,0.0,0.0,0.0,0.0,0.0,0.0,0.0,0.0,0.0,7.6,0.0,0.0,0.0,15.3,0.0,0.0,0.0,27.2
Accra,2014,04,0.0,0.0,2.0,0.0,0.0,0.0,0.0,0.0,0.0,15.0,0.2,0.0,0.0,0.0,0.0,0.0,0.0,3.5,0.0,18.4,17.2,0.0,1.2,0.0,0.0,0.0,0.0,0.0,0.0,0.0,
Accra,2014,05,0.0,0.0,0.0,0.0,1.0,0.6,1.2,4.8,0.0,0.0,0.0,0.0,22.2,0.4,0.0,0.0,0.0,0.0,24.0,12.1,3.9,0.0,0.0,0.5,0.0,4.0,32.0,0.0,6.6,0.0,0.0
Accra,2014,06,0.0,0.0,0.0,74.7,67.9,0.0,0.0,0.0,6.6,6.6,9.6,0.0,0.4,0.0,0.0,0.0,0.8,0.0,0.0,0.0,6.3,0.0,2.1,0.0,0.0,27.2,1.5,0.0,0.0,0.0,
Accra,2014,07,34.6,22.8,1.6,0.3,0.0,2.5,0.0,0.0,0.0,0.0,0.0,0.0,1.0,0.0,14.1,3.5,2.2,0.0,0.0,0.0,0.0,0.0,0.0,0.4,0.0,0.0,2.0,0.0,1.3,2.2,0.0
Accra,2014,08,0.0,0.0,2.0,0.0,5.0,4.6,6.0,0.0,0.0,0.0,0.0,0.0,0.0,0.0,0.0,0.9,0.0,0.0,0.0,0.1,0.0,0.0,0.0,0.0,0.0,99.5,0.0,0.0,0.0,0.0,0.0
Accra,2014,09,0.0,0.7,0.0,0.0,0.0,0.0,0.0,0.0,0.0,0.0,38.8,0.0,0.0,0.0,0.0,5.1,6.4,0.2,0.0,2.8,0.0,0.0,25.9,4.8,0.0,10.0,0.0,0.0,0.0,9.2,
Accra,2014,10,0.0,0.0,10.2,0.0,0.0,0.0,0.0,0.0,0.0,0.0,5.7,0.0,0.0,0.0,0.0,0.0,0.0,0.0,7.2,0.0,0.0,0.0,0.0,0.0,48.0,0.0,0.0,0.0,0.0,0.0,0.0
Accra,2014,11,0.0,0.0,0.0,15.5,16.4,0.0,0.0,0.0,0.0,0.0,0.0,0.0,0.0,0.0,0.0,0.0,0.0,0.0,0.0,0.0,0.0,0.0,0.0,25.7,0.0,0.0,0.0,0.0,0.0,0.0,
Accra,2014,12,0.0,0.0,0.0,0.0,0.0,0.0,0.0,0.0,0.0,0.0,0.0,0.0,0.6,0.0,0.0,0.0,0.0,0.0,0.0,0.0,0.0,0.0,0.0,0.0,0.0,0.0,0.0,0.0,0.0,0.0,0.0
Accra,2015,01,0.0,0.0,0.0,0.0,0.0,0.0,0.0,0.0,0.0,0.0,0.0,0.0,0.0,0.0,0.0,0.0,0.0,0.0,0.0,0.0,0.0,0.0,0.0,5.8,0.0,0.0,0.0,0.0,0.0,0.0,0.0
Accra,2015,02,0.0,0.0,0.0,0.0,0.0,0.0,0.0,0.0,0.0,0.0,11.5,0.0,0.0,0.0,0.0,0.0,7.0,23.9,0.0,0.0,0.0,0.0,0.0,0.0,0.0,0.0,0.0,0.0,,,
Accra,2015,03,0.0,0.0,0.0,0.0,0.0,0.0,0.0,0.0,0.0,1.4,0.0,0.0,0.0,0.0,27.0,0.0,0.0,0.0,0.0,34.5,13.0,0.0,0.0,2.0,8.0,0.0,0.0,0.0,0.0,0.0,12.9
Accra,2015,04,0.0,0.0,0.0,0.0,0.0,0.0,0.0,0.0,9.3,0.0,48.2,0.0,0.0,0.0,0.0,0.0,0.0,0.0,0.0,0.0,0.0,0.0,0.5,0.0,0.0,0.0,0.0,0.0,0.0,0.0,
Accra,2015,05,0.0,0.0,26.5,1.3,8.0,0.0,0.0,0.0,0.0,0.0,0.0,0.0,11.5,0.0,0.0,0.0,2.1,2.7,0.0,0.0,0.0,15.0,10.1,0.0,0.0,0.0,36.3,4.8,0.0,0.0,20.4
Accra,2015,06,35.2,12.5,212.8,1.8,11.1,0.0,1.0,2.5,4.8,0.0,1.7,0.0,18.5,35.3,0.3,0.0,0.0,1.5,0.0,31.5,0.9,1.0,0.0,7.9,0.0,0.0,0.0,0.0,0.0,0.0,
Accra,2015,07,1.2,18.8,0.0,0.0,0.0,0.0,0.0,0.0,0.0,11.0,0.0,4.0,0.0,2.3,3.6,0.6,0.0,0.0,0.0,0.0,0.0,0.0,0.0,0.0,0.0,0.0,0.0,0.0,0.0,0.0,0.0
Accra,2015,08,0.0,0.0,0.0,0.0,0.0,0.0,0.0,0.0,0.3,0.0,0.0,0.0,0.0,0.0,0.0,0.0,0.0,0.0,0.0,0.0,0.0,0.0,0.0,0.0,0.0,0.0,0.0,0.0,0.0,0.0,0.0
Accra,2015,09,0.0,0.0,0.0,0.0,0.0,0.0,0.0,0.0,1.2,0.0,3.0,0.5,0.0,0.0,0.0,0.0,0.0,0.0,0.0,0.0,0.0,0.0,0.0,0.0,0.0,0.0,0.0,0.0,0.0,12.9,
Accra,2015,10,0.0,0.0,0.0,0.0,0.0,0.0,0.0,21.5,35.6,0.0,0.0,0.0,0.0,19.6,0.0,0.0,0.0,0.0,0.4,5.5,1.5,0.0,0.0,0.0,0.0,0.0,1.5,0.0,45.3,0.0,16.5
Accra,2015,11,0.0,0.0,0.0,0.0,0.0,30.8,0.0,0.0,4.5,0.0,0.0,0.0,0.0,0.0,0.0,7.1,0.0,0.0,0.0,0.0,0.0,0.0,0.0,0.0,0.0,0.0,0.0,0.0,0.0,0.0,
Accra,2015,12,0.0,11.4,0.0,0.0,0.0,0.0,0.0,0.0,0.0,0.0,0.0,0.0,0.0,0.0,0.0,0.0,0.0,0.0,0.0,0.0,0.0,0.0,0.0,0.0,0.0,0.0,0.0,0.0,0.0,0.0,0.0
Accra,2016,01,0.0,0.0,0.0,0.0,0.0,0.0,0.0,0.0,0.0,0.0,0.0,0.0,0.0,0.0,0.0,0.0,0.0,0.0,0.0,0.0,0.0,0.0,0.0,0.0,0.0,0.0,0.0,0.0,0.0,0.0,0.0
Accra,2016,02,0.0,0.0,0.0,0.0,0.0,0.0,0.0,0.0,0.0,0.0,0.0,0.0,0.0,0.0,0.0,0.0,0.0,0.0,0.0,0.0,0.0,0.0,0.0,0.0,0.0,0.0,0.0,0.0,0.0,,
Accra,2016,03,57.5,0.0,0.0,0.0,4.3,0.0,0.0,2.5,0.0,0.0,0.0,0.0,59.0,8.8,0.0,0.0,49.3,0.0,0.0,2.0,5.7,0.0,6.3,0.0,0.0,1.2,0.0,0.0,0.0,0.0,0.0
Accra,2016,04,26.3,0.0,0.0,0.0,0.0,1.2,0.4,0.0,5.0,0.0,0.0,0.0,0.0,0.0,0.0,17.3,0.0,0.0,0.0,0.0,0.0,0.0,0.0,0.0,0.0,0.0,0.0,0.0,0.0,0.0,
Accra,2016,05,0.0,0.0,0.0,0.0,0.0,0.0,0.0,0.0,0.0,0.0,0.0,29.8,0.0,0.4,0.0,0.0,1.2,0.0,0.0,0.0,59.6,29.8,11.5,19.6,0.0,0.0,0.0,0.0,0.0,0.0,0.0
Accra,2016,06,0.0,4.2,2.2,0.0,1.3,1.5,2.2,3.2,182.5,0.6,0.0,24.5,0.0,0.0,2.0,1.9,0.0,0.0,12.8,0.9,0.0,0.0,0.0,0.3,0.0,0.0,0.0,0.0,0.0,0.0,
Accra,2016,07,0.0,0.0,0.0,0.0,0.0,0.0,0.0,0.0,0.0,0.0,0.0,0.0,0.0,0.0,0.0,0.0,0.5,0.0,0.0,0.6,0.0,0.0,1.0,9.1,3.8,0.0,8.9,0.0,0.0,0.0,1.1
Accra,2016,08,0.2,0.0,0.0,0.0,0.0,0.0,0.8,0.6,1.1,0.0,0.0,0.0,0.0,0.0,0.0,0.0,0.0,0.0,0.0,0.7,3.5,0.0,0.0,0.0,0.0,0.0,0.0,2.9,2.5,6.4,0.0
Accra,2016,09,0.0,0.0,0.0,0.0,0.0,0.0,1.0,0.0,0.0,0.0,0.0,0.0,0.0,2.8,0.0,0.0,0.0,0.0,0.0,22.4,0.0,0.0,36.5,0.0,3.0,5.2,28.9,0.0,0.0,0.0,
Accra,2016,10,8.5,10.1,0.4,0.0,0.0,0.0,0.0,70.9,9.2,0.0,0.0,0.0,0.0,0.0,0.0,0.0,0.0,16.0,2.3,0.0,3.2,3.0,0.0,0.0,0.0,0.0,0.0,0.0,32.0,0.3,0.0
Accra,2016,11,0.0,0.0,0.0,0.0,0.0,0.0,0.0,0.0,0.0,0.0,0.0,0.0,0.0,0.0,0.0,0.0,0.0,0.0,0.0,0.0,0.0,2.0,0.0,0.0,0.0,0.0,0.0,1.5,0.0,0.0,
Accra,2016,12,0.0,0.0,25.5,0.0,0.0,0.0,0.0,0.0,0.0,13.1,0.0,0.0,0.0,0.0,0.0,0.0,0.0,0.0,0.0,0.0,0.0,0.0,0.0,0.0,0.0,0.0,0.0,0.0,0.0,0.0,0.0
Accra,2017,01,0.0,0.0,0.0,0.0,0.0,0.0,0.0,0.0,0.0,0.0,0.0,0.0,0.0,0.0,0.0,0.0,0.0,0.0,0.0,0.0,0.0,11.7,0.0,0.0,0.0,0.0,0.0,0.0,0.0,0.0,33.8
Accra,2017,02,0.0,0.0,0.0,2.8,0.0,0.0,0.0,0.0,0.0,0.0,0.0,0.0,27.6,0.0,0.0,0.0,0.0,0.0,0.0,0.0,0.0,0.0,0.0,0.0,0.0,80.1,0.0,0.0,,,
Accra,2017,03,0.0,0.0,0.0,0.0,0.0,23.7,0.0,0.0,0.0,0.0,0.0,9.0,0.0,0.0,0.0,0.0,0.0,0.0,0.6,7.9,0.0,0.0,6.0,0.0,0.0,0.0,0.0,0.0,0.0,1.7,0.0
Accra,2017,04,0.0,0.0,17.2,0.0,0.0,0.0,0.0,0.3,35.6,0.0,0.0,0.0,0.0,22.5,5.5,0.0,0.0,0.0,0.0,19.4,0.0,0.0,0.0,0.0,18.3,0.0,0.0,1.0,0.0,0.0,
Accra,2017,05,5.9,0.0,0.0,0.7,0.0,0.0,11.5,0.0,5.1,5.3,0.0,0.0,3.5,0.0,0.0,0.0,0.0,0.0,0.0,39.5,0.0,0.0,0.0,0.0,18.0,0.0,0.0,0.0,0.0,0.0,0.0
Accra,2017,06,0.0,0.0,0.8,0.0,13.2,0.0,0.0,0.0,2.4,2.7,1.0,37.7,0.0,0.9,0.0,53.9,0.0,0.0,0.0,0.0,0.0,0.7,30.3,1.8,8.0,2.5,0.0,0.0,0.0,0.0,
Accra,2017,07,0.9,0.0,0.0,0.0,4.9,1.2,0.1,0.0,0.0,0.0,0.0,0.0,0.0,0.0,3.2,0.0,0.0,2.0,0.0,0.0,0.0,1.2,13.7,10.6,0.0,0.0,0.0,0.0,0.0,0.0,0.0
Accra,2017,08,0.0,0.0,0.9,0.0,0.0,0.0,0.0,0.0,0.0,0.5,0.1,0.0,0.0,0.0,1.5,0.0,0.0,0.0,0.0,0.0,0.0,0.0,0.0,0.5,5.0,0.5,0.0,0.0,1.0,0.0,0.0
Accra,2017,09,0.0,0.0,0.0,0.0,0.0,0.0,1.8,0.0,0.0,0.0,0.0,1.1,0.0,0.6,2.8,3.2,1.0,0.0,0.0,0.0,18.9,1.1,0.0,2.1,0.0,2.3,0.0,36.5,6.7,0.2,
Accra,2017,10,0.0,0.0,0.0,2.2,76.6,0.4,0.0,0.0,0.0,0.0,0.0,0.0,0.0,0.0,0.0,0.0,0.0,6.7,0.0,0.0,0.0,0.0,0.0,0.0,0.0,0.0,3.8,0.5,0.0,0.0,0.0
Accra,2017,11,0.3,0.0,0.0,0.5,1.5,0.0,0.0,0.0,0.0,0.0,0.0,0.0,0.0,0.4,10.0,0.0,0.0,0.0,0.0,0.0,2.2,0.0,0.0,0.0,49.5,0.0,0.0,0.0,0.0,0.0,
Accra,2017,12,0.0,0.0,0.0,0.0,0.0,0.0,0.0,0.0,11.3,0.0,0.0,0.0,0.0,0.0,0.0,0.5,0.0,0.0,0.0,0.0,0.0,0.0,0.0,0.0,0.0,0.0,0.0,0.0,0.0,0.0,0.0
